,raceId,year,round,circuitId,name_x,date,time,quali_date,sprint_date,unix_timestamp,resultId,driverId,constructorId,number,grid,position,positionText,positionOrder,statusId,driverRef,code,name_y
0,1062,2021,11,11,Hungarian Grand Prix,2021-08-01,13:00:00,2021-07-31,\N,1627776000.0,25166,839,214,31,8,1,1,1,1,ocon,OCO,Alpine F1 Team
1,1063,2021,12,13,Belgian Grand Prix,2021-08-29,13:00:00,2021-08-28,\N,1630195200.0,25192,839,214,31,8,7,7,7,1,ocon,OCO,Alpine F1 Team
2,1064,2021,13,39,Dutch Grand Prix,2021-09-05,13:00:00,2021-09-04,\N,1630800000.0,25214,839,214,31,8,9,9,9,11,ocon,OCO,Alpine F1 Team
3,1065,2021,14,14,Italian Grand Prix,2021-09-12,13:00:00,2021-09-10,2021-09-11,1631404800.0,25235,839,214,31,12,10,10,10,1,ocon,OCO,Alpine F1 Team
4,1066,2021,15,71,Russian Grand Prix,2021-09-26,12:00:00,2021-09-25,\N,1632614400.0,25259,839,214,31,9,14,14,14,11,ocon,OCO,Alpine F1 Team
5,1067,2021,16,5,Turkish Grand Prix,2021-10-10,12:00:00,2021-10-09,\N,1633824000.0,25275,839,214,31,12,10,10,10,11,ocon,OCO,Alpine F1 Team
6,1069,2021,17,69,United States Grand Prix,2021-10-24,19:00:00,2021-10-23,\N,1635033600.0,25304,839,214,31,11,\N,R,19,26,ocon,OCO,Alpine F1 Team
7,1070,2021,18,32,Mexico City Grand Prix,2021-11-07,19:00:00,2021-11-06,\N,1636243200.0,25318,839,214,31,19,13,13,13,11,ocon,OCO,Alpine F1 Team
8,1071,2021,19,18,São Paulo Grand Prix,2021-11-14,17:00:00,2021-11-12,2021-11-13,1636848000.0,25333,839,214,31,8,8,8,8,11,ocon,OCO,Alpine F1 Team
9,1051,2021,20,78,Qatar Grand Prix,2021-11-21,14:00:00,2021-11-20,\N,1637452800.0,25350,839,214,31,9,5,5,5,1,ocon,OCO,Alpine F1 Team
10,1072,2021,21,77,Saudi Arabian Grand Prix,2021-12-05,17:30:00,2021-12-04,\N,1638662400.0,25369,839,214,31,9,4,4,4,1,ocon,OCO,Alpine F1 Team
11,1073,2021,22,24,Abu Dhabi Grand Prix,2021-12-12,13:00:00,2021-12-11,\N,1639267200.0,25394,839,214,31,9,9,9,9,1,ocon,OCO,Alpine F1 Team
12,1074,2022,1,3,Bahrain Grand Prix,2022-03-20,15:00:00,2022-03-19,\N,1647734400.0,25412,839,214,31,11,7,7,7,1,ocon,OCO,Alpine F1 Team
13,1075,2022,2,77,Saudi Arabian Grand Prix,2022-03-27,17:00:00,2022-03-26,\N,1648339200.0,25431,839,214,31,5,6,6,6,1,ocon,OCO,Alpine F1 Team
14,1076,2022,3,1,Australian Grand Prix,2022-04-10,05:00:00,2022-04-09,\N,1649548800.0,25452,839,214,31,8,7,7,7,1,ocon,OCO,Alpine F1 Team
15,1077,2022,4,21,Emilia Romagna Grand Prix,2022-04-24,13:00:00,2022-04-22,2022-04-23,1650758400.0,25479,839,214,31,16,14,14,14,11,ocon,OCO,Alpine F1 Team
16,1078,2022,5,79,Miami Grand Prix,2022-05-08,19:30:00,2022-05-07,\N,1651968000.0,25493,839,214,31,20,8,8,8,1,ocon,OCO,Alpine F1 Team
17,1079,2022,6,4,Spanish Grand Prix,2022-05-22,13:00:00,2022-05-21,\N,1653177600.0,25512,839,214,31,12,7,7,7,1,ocon,OCO,Alpine F1 Team
18,1080,2022,7,6,Monaco Grand Prix,2022-05-29,13:00:00,2022-05-28,\N,1653782400.0,25537,839,214,31,10,12,12,12,1,ocon,OCO,Alpine F1 Team
19,1081,2022,8,73,Azerbaijan Grand Prix,2022-06-12,11:00:00,2022-06-11,\N,1654992000.0,25555,839,214,31,13,10,10,10,1,ocon,OCO,Alpine F1 Team
20,1082,2022,9,7,Canadian Grand Prix,2022-06-19,18:00:00,2022-06-18,\N,1655596800.0,25571,839,214,31,7,6,6,6,1,ocon,OCO,Alpine F1 Team
21,1083,2022,10,9,British Grand Prix,2022-07-03,14:00:00,2022-07-02,\N,1656806400.0,25600,839,214,31,15,\N,R,15,48,ocon,OCO,Alpine F1 Team
22,1084,2022,11,70,Austrian Grand Prix,2022-07-10,13:00:00,2022-07-08,2022-07-09,1657411200.0,25610,839,214,31,6,5,5,5,1,ocon,OCO,Alpine F1 Team
23,1085,2022,12,34,French Grand Prix,2022-07-24,13:00:00,2022-07-23,\N,1658620800.0,25633,839,214,31,10,8,8,8,1,ocon,OCO,Alpine F1 Team
24,1086,2022,13,11,Hungarian Grand Prix,2022-07-31,13:00:00,2022-07-30,\N,1659225600.0,25654,839,214,31,5,9,9,9,11,ocon,OCO,Alpine F1 Team
25,1062,2021,11,11,Hungarian Grand Prix,2021-08-01,13:00:00,2021-07-31,\N,1627776000.0,25169,4,214,14,9,4,4,4,1,alonso,ALO,Alpine F1 Team
26,1063,2021,12,13,Belgian Grand Prix,2021-08-29,13:00:00,2021-08-28,\N,1630195200.0,25196,4,214,14,12,11,11,11,1,alonso,ALO,Alpine F1 Team
27,1064,2021,13,39,Dutch Grand Prix,2021-09-05,13:00:00,2021-09-04,\N,1630800000.0,25211,4,214,14,9,6,6,6,11,alonso,ALO,Alpine F1 Team
28,1065,2021,14,14,Italian Grand Prix,2021-09-12,13:00:00,2021-09-10,2021-09-11,1631404800.0,25233,4,214,14,10,8,8,8,1,alonso,ALO,Alpine F1 Team
29,1066,2021,15,71,Russian Grand Prix,2021-09-26,12:00:00,2021-09-25,\N,1632614400.0,25251,4,214,14,6,6,6,6,1,alonso,ALO,Alpine F1 Team
30,1067,2021,16,5,Turkish Grand Prix,2021-10-10,12:00:00,2021-10-09,\N,1633824000.0,25281,4,214,14,5,16,16,16,11,alonso,ALO,Alpine F1 Team
31,1069,2021,17,69,United States Grand Prix,2021-10-24,19:00:00,2021-10-23,\N,1635033600.0,25303,4,214,14,19,\N,R,18,65,alonso,ALO,Alpine F1 Team
32,1070,2021,18,32,Mexico City Grand Prix,2021-11-07,19:00:00,2021-11-06,\N,1636243200.0,25314,4,214,14,12,9,9,9,11,alonso,ALO,Alpine F1 Team
33,1071,2021,19,18,São Paulo Grand Prix,2021-11-14,17:00:00,2021-11-12,2021-11-13,1636848000.0,25334,4,214,14,12,9,9,9,11,alonso,ALO,Alpine F1 Team
34,1051,2021,20,78,Qatar Grand Prix,2021-11-21,14:00:00,2021-11-20,\N,1637452800.0,25348,4,214,14,3,3,3,3,1,alonso,ALO,Alpine F1 Team
35,1072,2021,21,77,Saudi Arabian Grand Prix,2021-12-05,17:30:00,2021-12-04,\N,1638662400.0,25378,4,214,14,13,13,13,13,11,alonso,ALO,Alpine F1 Team
36,1073,2021,22,24,Abu Dhabi Grand Prix,2021-12-12,13:00:00,2021-12-11,\N,1639267200.0,25393,4,214,14,11,8,8,8,1,alonso,ALO,Alpine F1 Team
37,1074,2022,1,3,Bahrain Grand Prix,2022-03-20,15:00:00,2022-03-19,\N,1647734400.0,25414,4,214,14,8,9,9,9,1,alonso,ALO,Alpine F1 Team
38,1075,2022,2,77,Saudi Arabian Grand Prix,2022-03-27,17:00:00,2022-03-26,\N,1648339200.0,25441,4,214,14,7,\N,R,16,103,alonso,ALO,Alpine F1 Team
39,1076,2022,3,1,Australian Grand Prix,2022-04-10,05:00:00,2022-04-09,\N,1649548800.0,25462,4,214,14,10,17,17,17,11,alonso,ALO,Alpine F1 Team
40,1077,2022,4,21,Emilia Romagna Grand Prix,2022-04-24,13:00:00,2022-04-22,2022-04-23,1650758400.0,25484,4,214,14,9,\N,R,19,130,alonso,ALO,Alpine F1 Team
41,1078,2022,5,79,Miami Grand Prix,2022-05-08,19:30:00,2022-05-07,\N,1651968000.0,25496,4,214,14,11,11,11,11,1,alonso,ALO,Alpine F1 Team
42,1079,2022,6,4,Spanish Grand Prix,2022-05-22,13:00:00,2022-05-21,\N,1653177600.0,25514,4,214,14,20,9,9,9,11,alonso,ALO,Alpine F1 Team
43,1080,2022,7,6,Monaco Grand Prix,2022-05-29,13:00:00,2022-05-28,\N,1653782400.0,25532,4,214,14,7,7,7,7,1,alonso,ALO,Alpine F1 Team
44,1081,2022,8,73,Azerbaijan Grand Prix,2022-06-12,11:00:00,2022-06-11,\N,1654992000.0,25552,4,214,14,10,7,7,7,1,alonso,ALO,Alpine F1 Team
45,1082,2022,9,7,Canadian Grand Prix,2022-06-19,18:00:00,2022-06-18,\N,1655596800.0,25574,4,214,14,2,9,9,9,1,alonso,ALO,Alpine F1 Team
46,1083,2022,10,9,British Grand Prix,2022-07-03,14:00:00,2022-07-02,\N,1656806400.0,25590,4,214,14,7,5,5,5,1,alonso,ALO,Alpine F1 Team
47,1084,2022,11,70,Austrian Grand Prix,2022-07-10,13:00:00,2022-07-08,2022-07-09,1657411200.0,25615,4,214,14,19,10,10,10,11,alonso,ALO,Alpine F1 Team
48,1085,2022,12,34,French Grand Prix,2022-07-24,13:00:00,2022-07-23,\N,1658620800.0,25631,4,214,14,7,6,6,6,1,alonso,ALO,Alpine F1 Team
49,1086,2022,13,11,Hungarian Grand Prix,2022-07-31,13:00:00,2022-07-30,\N,1659225600.0,25653,4,214,14,6,8,8,8,11,alonso,ALO,Alpine F1 Team
50,1062,2021,11,11,Hungarian Grand Prix,2021-08-01,13:00:00,2021-07-31,\N,1627776000.0,25167,1,131,44,1,2,2,2,1,hamilton,HAM,Mercedes
51,1063,2021,12,13,Belgian Grand Prix,2021-08-29,13:00:00,2021-08-28,\N,1630195200.0,25188,1,131,44,3,3,3,3,1,hamilton,HAM,Mercedes
52,1064,2021,13,39,Dutch Grand Prix,2021-09-05,13:00:00,2021-09-04,\N,1630800000.0,25207,1,131,44,2,2,2,2,1,hamilton,HAM,Mercedes
53,1065,2021,14,14,Italian Grand Prix,2021-09-12,13:00:00,2021-09-10,2021-09-11,1631404800.0,25242,1,131,44,4,\N,R,17,4,hamilton,HAM,Mercedes
54,1066,2021,15,71,Russian Grand Prix,2021-09-26,12:00:00,2021-09-25,\N,1632614400.0,25246,1,131,44,4,1,1,1,1,hamilton,HAM,Mercedes
55,1067,2021,16,5,Turkish Grand Prix,2021-10-10,12:00:00,2021-10-09,\N,1633824000.0,25270,1,131,44,11,5,5,5,1,hamilton,HAM,Mercedes
56,1069,2021,17,69,United States Grand Prix,2021-10-24,19:00:00,2021-10-23,\N,1635033600.0,25287,1,131,44,2,2,2,2,1,hamilton,HAM,Mercedes
57,1070,2021,18,32,Mexico City Grand Prix,2021-11-07,19:00:00,2021-11-06,\N,1636243200.0,25307,1,131,44,2,2,2,2,1,hamilton,HAM,Mercedes
58,1071,2021,19,18,São Paulo Grand Prix,2021-11-14,17:00:00,2021-11-12,2021-11-13,1636848000.0,25326,1,131,44,10,1,1,1,1,hamilton,HAM,Mercedes
59,1051,2021,20,78,Qatar Grand Prix,2021-11-21,14:00:00,2021-11-20,\N,1637452800.0,25346,1,131,44,1,1,1,1,1,hamilton,HAM,Mercedes
60,1072,2021,21,77,Saudi Arabian Grand Prix,2021-12-05,17:30:00,2021-12-04,\N,1638662400.0,25366,1,131,44,1,1,1,1,1,hamilton,HAM,Mercedes
61,1073,2021,22,24,Abu Dhabi Grand Prix,2021-12-12,13:00:00,2021-12-11,\N,1639267200.0,25387,1,131,44,2,2,2,2,1,hamilton,HAM,Mercedes
62,1074,2022,1,3,Bahrain Grand Prix,2022-03-20,15:00:00,2022-03-19,\N,1647734400.0,25408,1,131,44,5,3,3,3,1,hamilton,HAM,Mercedes
63,1075,2022,2,77,Saudi Arabian Grand Prix,2022-03-27,17:00:00,2022-03-26,\N,1648339200.0,25435,1,131,44,15,10,10,10,1,hamilton,HAM,Mercedes
64,1076,2022,3,1,Australian Grand Prix,2022-04-10,05:00:00,2022-04-09,\N,1649548800.0,25449,1,131,44,5,4,4,4,1,hamilton,HAM,Mercedes
65,1077,2022,4,21,Emilia Romagna Grand Prix,2022-04-24,13:00:00,2022-04-22,2022-04-23,1650758400.0,25478,1,131,44,14,13,13,13,11,hamilton,HAM,Mercedes
66,1078,2022,5,79,Miami Grand Prix,2022-05-08,19:30:00,2022-05-07,\N,1651968000.0,25491,1,131,44,6,6,6,6,1,hamilton,HAM,Mercedes
67,1079,2022,6,4,Spanish Grand Prix,2022-05-22,13:00:00,2022-05-21,\N,1653177600.0,25510,1,131,44,6,5,5,5,1,hamilton,HAM,Mercedes
68,1080,2022,7,6,Monaco Grand Prix,2022-05-29,13:00:00,2022-05-28,\N,1653782400.0,25533,1,131,44,8,8,8,8,1,hamilton,HAM,Mercedes
69,1081,2022,8,73,Azerbaijan Grand Prix,2022-06-12,11:00:00,2022-06-11,\N,1654992000.0,25549,1,131,44,7,4,4,4,1,hamilton,HAM,Mercedes
70,1082,2022,9,7,Canadian Grand Prix,2022-06-19,18:00:00,2022-06-18,\N,1655596800.0,25568,1,131,44,4,3,3,3,1,hamilton,HAM,Mercedes
71,1083,2022,10,9,British Grand Prix,2022-07-03,14:00:00,2022-07-02,\N,1656806400.0,25588,1,131,44,5,3,3,3,1,hamilton,HAM,Mercedes
72,1084,2022,11,70,Austrian Grand Prix,2022-07-10,13:00:00,2022-07-08,2022-07-09,1657411200.0,25608,1,131,44,8,3,3,3,1,hamilton,HAM,Mercedes
73,1085,2022,12,34,French Grand Prix,2022-07-24,13:00:00,2022-07-23,\N,1658620800.0,25627,1,131,44,4,2,2,2,1,hamilton,HAM,Mercedes
74,1086,2022,13,11,Hungarian Grand Prix,2022-07-31,13:00:00,2022-07-30,\N,1659225600.0,25647,1,131,44,7,2,2,2,1,hamilton,HAM,Mercedes
75,1074,2022,1,3,Bahrain Grand Prix,2022-03-20,15:00:00,2022-03-19,\N,1647734400.0,25409,847,131,63,9,4,4,4,1,russell,RUS,Mercedes
76,1075,2022,2,77,Saudi Arabian Grand Prix,2022-03-27,17:00:00,2022-03-26,\N,1648339200.0,25430,847,131,63,6,5,5,5,1,russell,RUS,Mercedes
77,1076,2022,3,1,Australian Grand Prix,2022-04-10,05:00:00,2022-04-09,\N,1649548800.0,25448,847,131,63,6,3,3,3,1,russell,RUS,Mercedes
78,1077,2022,4,21,Emilia Romagna Grand Prix,2022-04-24,13:00:00,2022-04-22,2022-04-23,1650758400.0,25469,847,131,63,11,4,4,4,1,russell,RUS,Mercedes
79,1078,2022,5,79,Miami Grand Prix,2022-05-08,19:30:00,2022-05-07,\N,1651968000.0,25490,847,131,63,12,5,5,5,1,russell,RUS,Mercedes
80,1079,2022,6,4,Spanish Grand Prix,2022-05-22,13:00:00,2022-05-21,\N,1653177600.0,25508,847,131,63,4,3,3,3,1,russell,RUS,Mercedes
81,1080,2022,7,6,Monaco Grand Prix,2022-05-29,13:00:00,2022-05-28,\N,1653782400.0,25530,847,131,63,6,5,5,5,1,russell,RUS,Mercedes
82,1081,2022,8,73,Azerbaijan Grand Prix,2022-06-12,11:00:00,2022-06-11,\N,1654992000.0,25548,847,131,63,5,3,3,3,1,russell,RUS,Mercedes
83,1082,2022,9,7,Canadian Grand Prix,2022-06-19,18:00:00,2022-06-18,\N,1655596800.0,25569,847,131,63,8,4,4,4,1,russell,RUS,Mercedes
84,1083,2022,10,9,British Grand Prix,2022-07-03,14:00:00,2022-07-02,\N,1656806400.0,25603,847,131,63,8,\N,R,18,4,russell,RUS,Mercedes
85,1084,2022,11,70,Austrian Grand Prix,2022-07-10,13:00:00,2022-07-08,2022-07-09,1657411200.0,25609,847,131,63,4,4,4,4,1,russell,RUS,Mercedes
86,1085,2022,12,34,French Grand Prix,2022-07-24,13:00:00,2022-07-23,\N,1658620800.0,25628,847,131,63,6,3,3,3,1,russell,RUS,Mercedes
87,1086,2022,13,11,Hungarian Grand Prix,2022-07-31,13:00:00,2022-07-30,\N,1659225600.0,25648,847,131,63,1,3,3,3,1,russell,RUS,Mercedes
88,1062,2021,11,11,Hungarian Grand Prix,2021-08-01,13:00:00,2021-07-31,\N,1627776000.0,25181,822,131,77,2,\N,R,16,4,bottas,BOT,Mercedes
89,1063,2021,12,13,Belgian Grand Prix,2021-08-29,13:00:00,2021-08-28,\N,1630195200.0,25197,822,131,77,13,12,12,12,1,bottas,BOT,Mercedes
90,1064,2021,13,39,Dutch Grand Prix,2021-09-05,13:00:00,2021-09-04,\N,1630800000.0,25208,822,131,77,3,3,3,3,1,bottas,BOT,Mercedes
91,1065,2021,14,14,Italian Grand Prix,2021-09-12,13:00:00,2021-09-10,2021-09-11,1631404800.0,25228,822,131,77,19,3,3,3,1,bottas,BOT,Mercedes
92,1066,2021,15,71,Russian Grand Prix,2021-09-26,12:00:00,2021-09-25,\N,1632614400.0,25250,822,131,77,16,5,5,5,1,bottas,BOT,Mercedes
93,1067,2021,16,5,Turkish Grand Prix,2021-10-10,12:00:00,2021-10-09,\N,1633824000.0,25266,822,131,77,1,1,1,1,1,bottas,BOT,Mercedes
94,1069,2021,17,69,United States Grand Prix,2021-10-24,19:00:00,2021-10-23,\N,1635033600.0,25291,822,131,77,9,6,6,6,1,bottas,BOT,Mercedes
95,1070,2021,18,32,Mexico City Grand Prix,2021-11-07,19:00:00,2021-11-06,\N,1636243200.0,25320,822,131,77,1,15,15,15,12,bottas,BOT,Mercedes
96,1071,2021,19,18,São Paulo Grand Prix,2021-11-14,17:00:00,2021-11-12,2021-11-13,1636848000.0,25328,822,131,77,1,3,3,3,1,bottas,BOT,Mercedes
97,1051,2021,20,78,Qatar Grand Prix,2021-11-21,14:00:00,2021-11-20,\N,1637452800.0,25365,822,131,77,6,\N,R,20,137,bottas,BOT,Mercedes
98,1072,2021,21,77,Saudi Arabian Grand Prix,2021-12-05,17:30:00,2021-12-04,\N,1638662400.0,25368,822,131,77,2,3,3,3,1,bottas,BOT,Mercedes
99,1073,2021,22,24,Abu Dhabi Grand Prix,2021-12-12,13:00:00,2021-12-11,\N,1639267200.0,25391,822,131,77,6,6,6,6,1,bottas,BOT,Mercedes
100,1062,2021,11,11,Hungarian Grand Prix,2021-08-01,13:00:00,2021-07-31,\N,1627776000.0,25168,832,6,55,15,3,3,3,1,sainz,SAI,Ferrari
101,1063,2021,12,13,Belgian Grand Prix,2021-08-29,13:00:00,2021-08-28,\N,1630195200.0,25195,832,6,55,11,10,10,10,1,sainz,SAI,Ferrari
102,1064,2021,13,39,Dutch Grand Prix,2021-09-05,13:00:00,2021-09-04,\N,1630800000.0,25212,832,6,55,6,7,7,7,11,sainz,SAI,Ferrari
103,1065,2021,14,14,Italian Grand Prix,2021-09-12,13:00:00,2021-09-10,2021-09-11,1631404800.0,25231,832,6,55,6,6,6,6,1,sainz,SAI,Ferrari
104,1066,2021,15,71,Russian Grand Prix,2021-09-26,12:00:00,2021-09-25,\N,1632614400.0,25248,832,6,55,2,3,3,3,1,sainz,SAI,Ferrari
105,1067,2021,16,5,Turkish Grand Prix,2021-10-10,12:00:00,2021-10-09,\N,1633824000.0,25273,832,6,55,19,8,8,8,1,sainz,SAI,Ferrari
106,1069,2021,17,69,United States Grand Prix,2021-10-24,19:00:00,2021-10-23,\N,1635033600.0,25292,832,6,55,5,7,7,7,1,sainz,SAI,Ferrari
107,1070,2021,18,32,Mexico City Grand Prix,2021-11-07,19:00:00,2021-11-06,\N,1636243200.0,25311,832,6,55,6,6,6,6,11,sainz,SAI,Ferrari
108,1071,2021,19,18,São Paulo Grand Prix,2021-11-14,17:00:00,2021-11-12,2021-11-13,1636848000.0,25331,832,6,55,3,6,6,6,1,sainz,SAI,Ferrari
109,1051,2021,20,78,Qatar Grand Prix,2021-11-21,14:00:00,2021-11-20,\N,1637452800.0,25352,832,6,55,5,7,7,7,1,sainz,SAI,Ferrari
110,1072,2021,21,77,Saudi Arabian Grand Prix,2021-12-05,17:30:00,2021-12-04,\N,1638662400.0,25373,832,6,55,15,8,8,8,1,sainz,SAI,Ferrari
111,1073,2021,22,24,Abu Dhabi Grand Prix,2021-12-12,13:00:00,2021-12-11,\N,1639267200.0,25388,832,6,55,5,3,3,3,1,sainz,SAI,Ferrari
112,1074,2022,1,3,Bahrain Grand Prix,2022-03-20,15:00:00,2022-03-19,\N,1647734400.0,25407,832,6,55,3,2,2,2,1,sainz,SAI,Ferrari
113,1075,2022,2,77,Saudi Arabian Grand Prix,2022-03-27,17:00:00,2022-03-26,\N,1648339200.0,25428,832,6,55,3,3,3,3,1,sainz,SAI,Ferrari
114,1076,2022,3,1,Australian Grand Prix,2022-04-10,05:00:00,2022-04-09,\N,1649548800.0,25465,832,6,55,9,\N,R,20,20,sainz,SAI,Ferrari
115,1077,2022,4,21,Emilia Romagna Grand Prix,2022-04-24,13:00:00,2022-04-22,2022-04-23,1650758400.0,25485,832,6,55,4,\N,R,20,4,sainz,SAI,Ferrari
116,1078,2022,5,79,Miami Grand Prix,2022-05-08,19:30:00,2022-05-07,\N,1651968000.0,25488,832,6,55,2,3,3,3,1,sainz,SAI,Ferrari
117,1079,2022,6,4,Spanish Grand Prix,2022-05-22,13:00:00,2022-05-21,\N,1653177600.0,25509,832,6,55,3,4,4,4,1,sainz,SAI,Ferrari
118,1080,2022,7,6,Monaco Grand Prix,2022-05-29,13:00:00,2022-05-28,\N,1653782400.0,25527,832,6,55,2,2,2,2,1,sainz,SAI,Ferrari
119,1081,2022,8,73,Azerbaijan Grand Prix,2022-06-12,11:00:00,2022-06-11,\N,1654992000.0,25565,832,6,55,4,\N,R,20,9,sainz,SAI,Ferrari
120,1082,2022,9,7,Canadian Grand Prix,2022-06-19,18:00:00,2022-06-18,\N,1655596800.0,25567,832,6,55,3,2,2,2,1,sainz,SAI,Ferrari
121,1083,2022,10,9,British Grand Prix,2022-07-03,14:00:00,2022-07-02,\N,1656806400.0,25586,832,6,55,1,1,1,1,1,sainz,SAI,Ferrari
122,1084,2022,11,70,Austrian Grand Prix,2022-07-10,13:00:00,2022-07-08,2022-07-09,1657411200.0,25623,832,6,55,3,\N,R,18,131,sainz,SAI,Ferrari
123,1085,2022,12,34,French Grand Prix,2022-07-24,13:00:00,2022-07-23,\N,1658620800.0,25630,832,6,55,19,5,5,5,1,sainz,SAI,Ferrari
124,1086,2022,13,11,Hungarian Grand Prix,2022-07-31,13:00:00,2022-07-30,\N,1659225600.0,25649,832,6,55,2,4,4,4,1,sainz,SAI,Ferrari
125,1062,2021,11,11,Hungarian Grand Prix,2021-08-01,13:00:00,2021-07-31,\N,1627776000.0,25183,844,6,16,7,\N,R,18,4,leclerc,LEC,Ferrari
126,1063,2021,12,13,Belgian Grand Prix,2021-08-29,13:00:00,2021-08-28,\N,1630195200.0,25193,844,6,16,9,8,8,8,1,leclerc,LEC,Ferrari
127,1064,2021,13,39,Dutch Grand Prix,2021-09-05,13:00:00,2021-09-04,\N,1630800000.0,25210,844,6,16,5,5,5,5,11,leclerc,LEC,Ferrari
128,1065,2021,14,14,Italian Grand Prix,2021-09-12,13:00:00,2021-09-10,2021-09-11,1631404800.0,25229,844,6,16,5,4,4,4,1,leclerc,LEC,Ferrari
129,1066,2021,15,71,Russian Grand Prix,2021-09-26,12:00:00,2021-09-25,\N,1632614400.0,25260,844,6,16,19,15,15,15,11,leclerc,LEC,Ferrari
130,1067,2021,16,5,Turkish Grand Prix,2021-10-10,12:00:00,2021-10-09,\N,1633824000.0,25269,844,6,16,3,4,4,4,1,leclerc,LEC,Ferrari
131,1069,2021,17,69,United States Grand Prix,2021-10-24,19:00:00,2021-10-23,\N,1635033600.0,25289,844,6,16,4,4,4,4,1,leclerc,LEC,Ferrari
132,1070,2021,18,32,Mexico City Grand Prix,2021-11-07,19:00:00,2021-11-06,\N,1636243200.0,25310,844,6,16,8,5,5,5,1,leclerc,LEC,Ferrari
133,1071,2021,19,18,São Paulo Grand Prix,2021-11-14,17:00:00,2021-11-12,2021-11-13,1636848000.0,25330,844,6,16,6,5,5,5,1,leclerc,LEC,Ferrari
134,1051,2021,20,78,Qatar Grand Prix,2021-11-21,14:00:00,2021-11-20,\N,1637452800.0,25353,844,6,16,13,8,8,8,1,leclerc,LEC,Ferrari
135,1072,2021,21,77,Saudi Arabian Grand Prix,2021-12-05,17:30:00,2021-12-04,\N,1638662400.0,25372,844,6,16,4,7,7,7,1,leclerc,LEC,Ferrari
136,1073,2021,22,24,Abu Dhabi Grand Prix,2021-12-12,13:00:00,2021-12-11,\N,1639267200.0,25395,844,6,16,7,10,10,10,1,leclerc,LEC,Ferrari
137,1074,2022,1,3,Bahrain Grand Prix,2022-03-20,15:00:00,2022-03-19,\N,1647734400.0,25406,844,6,16,1,1,1,1,1,leclerc,LEC,Ferrari
138,1075,2022,2,77,Saudi Arabian Grand Prix,2022-03-27,17:00:00,2022-03-26,\N,1648339200.0,25427,844,6,16,2,2,2,2,1,leclerc,LEC,Ferrari
139,1076,2022,3,1,Australian Grand Prix,2022-04-10,05:00:00,2022-04-09,\N,1649548800.0,25446,844,6,16,1,1,1,1,1,leclerc,LEC,Ferrari
140,1077,2022,4,21,Emilia Romagna Grand Prix,2022-04-24,13:00:00,2022-04-22,2022-04-23,1650758400.0,25471,844,6,16,2,6,6,6,1,leclerc,LEC,Ferrari
141,1078,2022,5,79,Miami Grand Prix,2022-05-08,19:30:00,2022-05-07,\N,1651968000.0,25487,844,6,16,1,2,2,2,1,leclerc,LEC,Ferrari
142,1079,2022,6,4,Spanish Grand Prix,2022-05-22,13:00:00,2022-05-21,\N,1653177600.0,25525,844,6,16,1,\N,R,20,101,leclerc,LEC,Ferrari
143,1080,2022,7,6,Monaco Grand Prix,2022-05-29,13:00:00,2022-05-28,\N,1653782400.0,25529,844,6,16,1,4,4,4,1,leclerc,LEC,Ferrari
144,1081,2022,8,73,Azerbaijan Grand Prix,2022-06-12,11:00:00,2022-06-11,\N,1654992000.0,25564,844,6,16,1,\N,R,19,131,leclerc,LEC,Ferrari
145,1082,2022,9,7,Canadian Grand Prix,2022-06-19,18:00:00,2022-06-18,\N,1655596800.0,25570,844,6,16,19,5,5,5,1,leclerc,LEC,Ferrari
146,1083,2022,10,9,British Grand Prix,2022-07-03,14:00:00,2022-07-02,\N,1656806400.0,25589,844,6,16,3,4,4,4,1,leclerc,LEC,Ferrari
147,1084,2022,11,70,Austrian Grand Prix,2022-07-10,13:00:00,2022-07-08,2022-07-09,1657411200.0,25606,844,6,16,2,1,1,1,1,leclerc,LEC,Ferrari
148,1085,2022,12,34,French Grand Prix,2022-07-24,13:00:00,2022-07-23,\N,1658620800.0,25644,844,6,16,1,\N,R,19,3,leclerc,LEC,Ferrari
149,1086,2022,13,11,Hungarian Grand Prix,2022-07-31,13:00:00,2022-07-30,\N,1659225600.0,25651,844,6,16,3,6,6,6,1,leclerc,LEC,Ferrari
150,1062,2021,11,11,Hungarian Grand Prix,2021-08-01,13:00:00,2021-07-31,\N,1627776000.0,25170,842,213,10,5,5,5,5,1,gasly,GAS,AlphaTauri
151,1063,2021,12,13,Belgian Grand Prix,2021-08-29,13:00:00,2021-08-28,\N,1630195200.0,25191,842,213,10,6,6,6,6,1,gasly,GAS,AlphaTauri
152,1064,2021,13,39,Dutch Grand Prix,2021-09-05,13:00:00,2021-09-04,\N,1630800000.0,25209,842,213,10,4,4,4,4,11,gasly,GAS,AlphaTauri
153,1065,2021,14,14,Italian Grand Prix,2021-09-12,13:00:00,2021-09-10,2021-09-11,1631404800.0,25244,842,213,10,0,\N,R,19,22,gasly,GAS,AlphaTauri
154,1066,2021,15,71,Russian Grand Prix,2021-09-26,12:00:00,2021-09-25,\N,1632614400.0,25258,842,213,10,11,13,13,13,11,gasly,GAS,AlphaTauri
155,1067,2021,16,5,Turkish Grand Prix,2021-10-10,12:00:00,2021-10-09,\N,1633824000.0,25271,842,213,10,4,6,6,6,1,gasly,GAS,AlphaTauri
156,1069,2021,17,69,United States Grand Prix,2021-10-24,19:00:00,2021-10-23,\N,1635033600.0,25305,842,213,10,8,\N,R,20,22,gasly,GAS,AlphaTauri
157,1070,2021,18,32,Mexico City Grand Prix,2021-11-07,19:00:00,2021-11-06,\N,1636243200.0,25309,842,213,10,5,4,4,4,1,gasly,GAS,AlphaTauri
158,1071,2021,19,18,São Paulo Grand Prix,2021-11-14,17:00:00,2021-11-12,2021-11-13,1636848000.0,25332,842,213,10,7,7,7,7,11,gasly,GAS,AlphaTauri
159,1051,2021,20,78,Qatar Grand Prix,2021-11-21,14:00:00,2021-11-20,\N,1637452800.0,25356,842,213,10,2,11,11,11,11,gasly,GAS,AlphaTauri
160,1072,2021,21,77,Saudi Arabian Grand Prix,2021-12-05,17:30:00,2021-12-04,\N,1638662400.0,25371,842,213,10,6,6,6,6,1,gasly,GAS,AlphaTauri
161,1073,2021,22,24,Abu Dhabi Grand Prix,2021-12-12,13:00:00,2021-12-11,\N,1639267200.0,25390,842,213,10,12,5,5,5,1,gasly,GAS,AlphaTauri
162,1074,2022,1,3,Bahrain Grand Prix,2022-03-20,15:00:00,2022-03-19,\N,1647734400.0,25425,842,213,10,10,\N,R,20,131,gasly,GAS,AlphaTauri
163,1075,2022,2,77,Saudi Arabian Grand Prix,2022-03-27,17:00:00,2022-03-26,\N,1648339200.0,25433,842,213,10,9,8,8,8,1,gasly,GAS,AlphaTauri
164,1076,2022,3,1,Australian Grand Prix,2022-04-10,05:00:00,2022-04-09,\N,1649548800.0,25454,842,213,10,11,9,9,9,1,gasly,GAS,AlphaTauri
165,1077,2022,4,21,Emilia Romagna Grand Prix,2022-04-24,13:00:00,2022-04-22,2022-04-23,1650758400.0,25477,842,213,10,17,12,12,12,11,gasly,GAS,AlphaTauri
166,1078,2022,5,79,Miami Grand Prix,2022-05-08,19:30:00,2022-05-07,\N,1651968000.0,25503,842,213,10,7,\N,R,18,22,gasly,GAS,AlphaTauri
167,1079,2022,6,4,Spanish Grand Prix,2022-05-22,13:00:00,2022-05-21,\N,1653177600.0,25518,842,213,10,14,13,13,13,11,gasly,GAS,AlphaTauri
168,1080,2022,7,6,Monaco Grand Prix,2022-05-29,13:00:00,2022-05-28,\N,1653782400.0,25536,842,213,10,17,11,11,11,1,gasly,GAS,AlphaTauri
169,1081,2022,8,73,Azerbaijan Grand Prix,2022-06-12,11:00:00,2022-06-11,\N,1654992000.0,25550,842,213,10,6,5,5,5,1,gasly,GAS,AlphaTauri
170,1082,2022,9,7,Canadian Grand Prix,2022-06-19,18:00:00,2022-06-18,\N,1655596800.0,25579,842,213,10,15,14,14,14,1,gasly,GAS,AlphaTauri
171,1083,2022,10,9,British Grand Prix,2022-07-03,14:00:00,2022-07-02,\N,1656806400.0,25601,842,213,10,11,\N,R,16,130,gasly,GAS,AlphaTauri
172,1084,2022,11,70,Austrian Grand Prix,2022-07-10,13:00:00,2022-07-08,2022-07-09,1657411200.0,25620,842,213,10,14,15,15,15,11,gasly,GAS,AlphaTauri
173,1085,2022,12,34,French Grand Prix,2022-07-24,13:00:00,2022-07-23,\N,1658620800.0,25637,842,213,10,14,12,12,12,1,gasly,GAS,AlphaTauri
174,1086,2022,13,11,Hungarian Grand Prix,2022-07-31,13:00:00,2022-07-30,\N,1659225600.0,25657,842,213,10,0,12,12,12,11,gasly,GAS,AlphaTauri
175,1062,2021,11,11,Hungarian Grand Prix,2021-08-01,13:00:00,2021-07-31,\N,1627776000.0,25171,852,213,22,16,6,6,6,1,tsunoda,TSU,AlphaTauri
176,1063,2021,12,13,Belgian Grand Prix,2021-08-29,13:00:00,2021-08-28,\N,1630195200.0,25200,852,213,22,16,15,15,15,1,tsunoda,TSU,AlphaTauri
177,1064,2021,13,39,Dutch Grand Prix,2021-09-05,13:00:00,2021-09-04,\N,1630800000.0,25224,852,213,22,14,\N,R,19,131,tsunoda,TSU,AlphaTauri
178,1065,2021,14,14,Italian Grand Prix,2021-09-12,13:00:00,2021-09-10,2021-09-11,1631404800.0,25245,852,213,22,0,\N,W,20,23,tsunoda,TSU,AlphaTauri
179,1066,2021,15,71,Russian Grand Prix,2021-09-26,12:00:00,2021-09-25,\N,1632614400.0,25262,852,213,22,12,17,17,17,11,tsunoda,TSU,AlphaTauri
180,1067,2021,16,5,Turkish Grand Prix,2021-10-10,12:00:00,2021-10-09,\N,1633824000.0,25279,852,213,22,9,14,14,14,11,tsunoda,TSU,AlphaTauri
181,1069,2021,17,69,United States Grand Prix,2021-10-24,19:00:00,2021-10-23,\N,1635033600.0,25294,852,213,22,10,9,9,9,11,tsunoda,TSU,AlphaTauri
182,1070,2021,18,32,Mexico City Grand Prix,2021-11-07,19:00:00,2021-11-06,\N,1636243200.0,25325,852,213,22,17,\N,R,20,4,tsunoda,TSU,AlphaTauri
183,1071,2021,19,18,São Paulo Grand Prix,2021-11-14,17:00:00,2021-11-12,2021-11-13,1636848000.0,25340,852,213,22,15,15,15,15,11,tsunoda,TSU,AlphaTauri
184,1051,2021,20,78,Qatar Grand Prix,2021-11-21,14:00:00,2021-11-20,\N,1637452800.0,25358,852,213,22,8,13,13,13,11,tsunoda,TSU,AlphaTauri
185,1072,2021,21,77,Saudi Arabian Grand Prix,2021-12-05,17:30:00,2021-12-04,\N,1638662400.0,25379,852,213,22,8,14,14,14,11,tsunoda,TSU,AlphaTauri
186,1073,2021,22,24,Abu Dhabi Grand Prix,2021-12-12,13:00:00,2021-12-11,\N,1639267200.0,25389,852,213,22,8,4,4,4,1,tsunoda,TSU,AlphaTauri
187,1074,2022,1,3,Bahrain Grand Prix,2022-03-20,15:00:00,2022-03-19,\N,1647734400.0,25413,852,213,22,16,8,8,8,1,tsunoda,TSU,AlphaTauri
188,1075,2022,2,77,Saudi Arabian Grand Prix,2022-03-27,17:00:00,2022-03-26,\N,1648339200.0,25444,852,213,22,19,\N,R,19,131,tsunoda,TSU,AlphaTauri
189,1076,2022,3,1,Australian Grand Prix,2022-04-10,05:00:00,2022-04-09,\N,1649548800.0,25460,852,213,22,13,15,15,15,11,tsunoda,TSU,AlphaTauri
190,1077,2022,4,21,Emilia Romagna Grand Prix,2022-04-24,13:00:00,2022-04-22,2022-04-23,1650758400.0,25472,852,213,22,12,7,7,7,1,tsunoda,TSU,AlphaTauri
191,1078,2022,5,79,Miami Grand Prix,2022-05-08,19:30:00,2022-05-07,\N,1651968000.0,25497,852,213,22,9,12,12,12,1,tsunoda,TSU,AlphaTauri
192,1079,2022,6,4,Spanish Grand Prix,2022-05-22,13:00:00,2022-05-21,\N,1653177600.0,25515,852,213,22,13,10,10,10,11,tsunoda,TSU,AlphaTauri
193,1080,2022,7,6,Monaco Grand Prix,2022-05-29,13:00:00,2022-05-28,\N,1653782400.0,25542,852,213,22,11,17,17,17,11,tsunoda,TSU,AlphaTauri
194,1081,2022,8,73,Azerbaijan Grand Prix,2022-06-12,11:00:00,2022-06-11,\N,1654992000.0,25558,852,213,22,8,13,13,13,11,tsunoda,TSU,AlphaTauri
195,1082,2022,9,7,Canadian Grand Prix,2022-06-19,18:00:00,2022-06-18,\N,1655596800.0,25583,852,213,22,20,\N,R,18,3,tsunoda,TSU,AlphaTauri
196,1083,2022,10,9,British Grand Prix,2022-07-03,14:00:00,2022-07-02,\N,1656806400.0,25599,852,213,22,13,14,14,14,1,tsunoda,TSU,AlphaTauri
197,1084,2022,11,70,Austrian Grand Prix,2022-07-10,13:00:00,2022-07-08,2022-07-09,1657411200.0,25621,852,213,22,16,16,16,16,11,tsunoda,TSU,AlphaTauri
198,1085,2022,12,34,French Grand Prix,2022-07-24,13:00:00,2022-07-23,\N,1658620800.0,25645,852,213,22,8,\N,R,20,140,tsunoda,TSU,AlphaTauri
199,1086,2022,13,11,Hungarian Grand Prix,2022-07-31,13:00:00,2022-07-30,\N,1659225600.0,25664,852,213,22,16,19,19,19,12,tsunoda,TSU,AlphaTauri
200,1062,2021,11,11,Hungarian Grand Prix,2021-08-01,13:00:00,2021-07-31,\N,1627776000.0,25172,849,3,6,18,7,7,7,1,latifi,LAT,Williams
201,1063,2021,12,13,Belgian Grand Prix,2021-08-29,13:00:00,2021-08-28,\N,1630195200.0,25194,849,3,6,10,9,9,9,1,latifi,LAT,Williams
202,1064,2021,13,39,Dutch Grand Prix,2021-09-05,13:00:00,2021-09-04,\N,1630800000.0,25221,849,3,6,0,16,16,16,12,latifi,LAT,Williams
203,1065,2021,14,14,Italian Grand Prix,2021-09-12,13:00:00,2021-09-10,2021-09-11,1631404800.0,25236,849,3,6,13,11,11,11,1,latifi,LAT,Williams
204,1066,2021,15,71,Russian Grand Prix,2021-09-26,12:00:00,2021-09-25,\N,1632614400.0,25264,849,3,6,18,19,19,19,3,latifi,LAT,Williams
205,1067,2021,16,5,Turkish Grand Prix,2021-10-10,12:00:00,2021-10-09,\N,1633824000.0,25282,849,3,6,15,17,17,17,11,latifi,LAT,Williams
206,1069,2021,17,69,United States Grand Prix,2021-10-24,19:00:00,2021-10-23,\N,1635033600.0,25300,849,3,6,14,15,15,15,11,latifi,LAT,Williams
207,1070,2021,18,32,Mexico City Grand Prix,2021-11-07,19:00:00,2021-11-06,\N,1636243200.0,25322,849,3,6,13,17,17,17,12,latifi,LAT,Williams
208,1071,2021,19,18,São Paulo Grand Prix,2021-11-14,17:00:00,2021-11-12,2021-11-13,1636848000.0,25341,849,3,6,16,16,16,16,11,latifi,LAT,Williams
209,1051,2021,20,78,Qatar Grand Prix,2021-11-21,14:00:00,2021-11-20,\N,1637452800.0,25364,849,3,6,17,\N,R,19,29,latifi,LAT,Williams
210,1072,2021,21,77,Saudi Arabian Grand Prix,2021-12-05,17:30:00,2021-12-04,\N,1638662400.0,25377,849,3,6,16,12,12,12,1,latifi,LAT,Williams
211,1073,2021,22,24,Abu Dhabi Grand Prix,2021-12-12,13:00:00,2021-12-11,\N,1639267200.0,25401,849,3,6,16,\N,R,16,3,latifi,LAT,Williams
212,1074,2022,1,3,Bahrain Grand Prix,2022-03-20,15:00:00,2022-03-19,\N,1647734400.0,25421,849,3,6,20,16,16,16,1,latifi,LAT,Williams
213,1075,2022,2,77,Saudi Arabian Grand Prix,2022-03-27,17:00:00,2022-03-26,\N,1648339200.0,25443,849,3,6,18,\N,R,18,3,latifi,LAT,Williams
214,1076,2022,3,1,Australian Grand Prix,2022-04-10,05:00:00,2022-04-09,\N,1649548800.0,25461,849,3,6,18,16,16,16,11,latifi,LAT,Williams
215,1077,2022,4,21,Emilia Romagna Grand Prix,2022-04-24,13:00:00,2022-04-22,2022-04-23,1650758400.0,25481,849,3,6,19,16,16,16,11,latifi,LAT,Williams
216,1078,2022,5,79,Miami Grand Prix,2022-05-08,19:30:00,2022-05-07,\N,1651968000.0,25499,849,3,6,19,14,14,14,1,latifi,LAT,Williams
217,1079,2022,6,4,Spanish Grand Prix,2022-05-22,13:00:00,2022-05-21,\N,1653177600.0,25521,849,3,6,19,16,16,16,12,latifi,LAT,Williams
218,1080,2022,7,6,Monaco Grand Prix,2022-05-29,13:00:00,2022-05-28,\N,1653782400.0,25540,849,3,6,19,15,15,15,11,latifi,LAT,Williams
219,1081,2022,8,73,Azerbaijan Grand Prix,2022-06-12,11:00:00,2022-06-11,\N,1654992000.0,25560,849,3,6,18,15,15,15,11,latifi,LAT,Williams
220,1082,2022,9,7,Canadian Grand Prix,2022-06-19,18:00:00,2022-06-18,\N,1655596800.0,25581,849,3,6,18,16,16,16,1,latifi,LAT,Williams
221,1083,2022,10,9,British Grand Prix,2022-07-03,14:00:00,2022-07-02,\N,1656806400.0,25597,849,3,6,10,12,12,12,1,latifi,LAT,Williams
222,1084,2022,11,70,Austrian Grand Prix,2022-07-10,13:00:00,2022-07-08,2022-07-09,1657411200.0,25624,849,3,6,17,\N,R,19,140,latifi,LAT,Williams
223,1085,2022,12,34,French Grand Prix,2022-07-24,13:00:00,2022-07-23,\N,1658620800.0,25642,849,3,6,18,\N,R,17,130,latifi,LAT,Williams
224,1086,2022,13,11,Hungarian Grand Prix,2022-07-31,13:00:00,2022-07-30,\N,1659225600.0,25663,849,3,6,19,18,18,18,11,latifi,LAT,Williams
225,1062,2021,11,11,Hungarian Grand Prix,2021-08-01,13:00:00,2021-07-31,\N,1627776000.0,25173,847,3,63,17,8,8,8,1,russell,RUS,Williams
226,1063,2021,12,13,Belgian Grand Prix,2021-08-29,13:00:00,2021-08-28,\N,1630195200.0,25187,847,3,63,2,2,2,2,1,russell,RUS,Williams
227,1064,2021,13,39,Dutch Grand Prix,2021-09-05,13:00:00,2021-09-04,\N,1630800000.0,25222,847,3,63,11,17,17,17,6,russell,RUS,Williams
228,1065,2021,14,14,Italian Grand Prix,2021-09-12,13:00:00,2021-09-10,2021-09-11,1631404800.0,25234,847,3,63,14,9,9,9,1,russell,RUS,Williams
229,1066,2021,15,71,Russian Grand Prix,2021-09-26,12:00:00,2021-09-25,\N,1632614400.0,25255,847,3,63,3,10,10,10,1,russell,RUS,Williams
230,1067,2021,16,5,Turkish Grand Prix,2021-10-10,12:00:00,2021-10-09,\N,1633824000.0,25280,847,3,63,13,15,15,15,11,russell,RUS,Williams
231,1069,2021,17,69,United States Grand Prix,2021-10-24,19:00:00,2021-10-23,\N,1635033600.0,25299,847,3,63,20,14,14,14,11,russell,RUS,Williams
232,1070,2021,18,32,Mexico City Grand Prix,2021-11-07,19:00:00,2021-11-06,\N,1636243200.0,25321,847,3,63,16,16,16,16,12,russell,RUS,Williams
233,1071,2021,19,18,São Paulo Grand Prix,2021-11-14,17:00:00,2021-11-12,2021-11-13,1636848000.0,25338,847,3,63,17,13,13,13,11,russell,RUS,Williams
234,1051,2021,20,78,Qatar Grand Prix,2021-11-21,14:00:00,2021-11-20,\N,1637452800.0,25362,847,3,63,15,17,17,17,12,russell,RUS,Williams
235,1072,2021,21,77,Saudi Arabian Grand Prix,2021-12-05,17:30:00,2021-12-04,\N,1638662400.0,25384,847,3,63,14,\N,R,19,4,russell,RUS,Williams
236,1073,2021,22,24,Abu Dhabi Grand Prix,2021-12-12,13:00:00,2021-12-11,\N,1639267200.0,25403,847,3,63,17,\N,R,18,6,russell,RUS,Williams
237,1074,2022,1,3,Bahrain Grand Prix,2022-03-20,15:00:00,2022-03-19,\N,1647734400.0,25418,848,3,23,14,13,13,13,1,albon,ALB,Williams
238,1075,2022,2,77,Saudi Arabian Grand Prix,2022-03-27,17:00:00,2022-03-26,\N,1648339200.0,25439,848,3,23,16,14,14,14,130,albon,ALB,Williams
239,1076,2022,3,1,Australian Grand Prix,2022-04-10,05:00:00,2022-04-09,\N,1649548800.0,25455,848,3,23,20,10,10,10,1,albon,ALB,Williams
240,1077,2022,4,21,Emilia Romagna Grand Prix,2022-04-24,13:00:00,2022-04-22,2022-04-23,1650758400.0,25476,848,3,23,18,11,11,11,11,albon,ALB,Williams
241,1078,2022,5,79,Miami Grand Prix,2022-05-08,19:30:00,2022-05-07,\N,1651968000.0,25494,848,3,23,18,9,9,9,1,albon,ALB,Williams
242,1079,2022,6,4,Spanish Grand Prix,2022-05-22,13:00:00,2022-05-21,\N,1653177600.0,25523,848,3,23,18,18,18,18,12,albon,ALB,Williams
243,1080,2022,7,6,Monaco Grand Prix,2022-05-29,13:00:00,2022-05-28,\N,1653782400.0,25543,848,3,23,16,\N,R,18,26,albon,ALB,Williams
244,1081,2022,8,73,Azerbaijan Grand Prix,2022-06-12,11:00:00,2022-06-11,\N,1654992000.0,25557,848,3,23,17,12,12,12,11,albon,ALB,Williams
245,1082,2022,9,7,Canadian Grand Prix,2022-06-19,18:00:00,2022-06-18,\N,1655596800.0,25578,848,3,23,12,13,13,13,1,albon,ALB,Williams
246,1083,2022,10,9,British Grand Prix,2022-07-03,14:00:00,2022-07-02,\N,1656806400.0,25605,848,3,23,16,\N,R,20,4,albon,ALB,Williams
247,1084,2022,11,70,Austrian Grand Prix,2022-07-10,13:00:00,2022-07-08,2022-07-09,1657411200.0,25617,848,3,23,15,12,12,12,11,albon,ALB,Williams
248,1085,2022,12,34,French Grand Prix,2022-07-24,13:00:00,2022-07-23,\N,1658620800.0,25638,848,3,23,13,13,13,13,1,albon,ALB,Williams
249,1086,2022,13,11,Hungarian Grand Prix,2022-07-31,13:00:00,2022-07-30,\N,1659225600.0,25662,848,3,23,17,17,17,17,11,albon,ALB,Williams
250,1062,2021,11,11,Hungarian Grand Prix,2021-08-01,13:00:00,2021-07-31,\N,1627776000.0,25174,830,9,33,3,9,9,9,1,max_verstappen,VER,Red Bull
251,1063,2021,12,13,Belgian Grand Prix,2021-08-29,13:00:00,2021-08-28,\N,1630195200.0,25186,830,9,33,1,1,1,1,1,max_verstappen,VER,Red Bull
252,1064,2021,13,39,Dutch Grand Prix,2021-09-05,13:00:00,2021-09-04,\N,1630800000.0,25206,830,9,33,1,1,1,1,1,max_verstappen,VER,Red Bull
253,1065,2021,14,14,Italian Grand Prix,2021-09-12,13:00:00,2021-09-10,2021-09-11,1631404800.0,25243,830,9,33,1,\N,R,18,4,max_verstappen,VER,Red Bull
254,1066,2021,15,71,Russian Grand Prix,2021-09-26,12:00:00,2021-09-25,\N,1632614400.0,25247,830,9,33,20,2,2,2,1,max_verstappen,VER,Red Bull
255,1067,2021,16,5,Turkish Grand Prix,2021-10-10,12:00:00,2021-10-09,\N,1633824000.0,25267,830,9,33,2,2,2,2,1,max_verstappen,VER,Red Bull
256,1069,2021,17,69,United States Grand Prix,2021-10-24,19:00:00,2021-10-23,\N,1635033600.0,25286,830,9,33,1,1,1,1,1,max_verstappen,VER,Red Bull
257,1070,2021,18,32,Mexico City Grand Prix,2021-11-07,19:00:00,2021-11-06,\N,1636243200.0,25306,830,9,33,3,1,1,1,1,max_verstappen,VER,Red Bull
258,1071,2021,19,18,São Paulo Grand Prix,2021-11-14,17:00:00,2021-11-12,2021-11-13,1636848000.0,25327,830,9,33,2,2,2,2,1,max_verstappen,VER,Red Bull
259,1051,2021,20,78,Qatar Grand Prix,2021-11-21,14:00:00,2021-11-20,\N,1637452800.0,25347,830,9,33,7,2,2,2,1,max_verstappen,VER,Red Bull
260,1072,2021,21,77,Saudi Arabian Grand Prix,2021-12-05,17:30:00,2021-12-04,\N,1638662400.0,25367,830,9,33,3,2,2,2,1,max_verstappen,VER,Red Bull
261,1073,2021,22,24,Abu Dhabi Grand Prix,2021-12-12,13:00:00,2021-12-11,\N,1639267200.0,25386,830,9,33,1,1,1,1,1,max_verstappen,VER,Red Bull
262,1074,2022,1,3,Bahrain Grand Prix,2022-03-20,15:00:00,2022-03-19,\N,1647734400.0,25424,830,9,1,2,19,19,19,32,max_verstappen,VER,Red Bull
263,1075,2022,2,77,Saudi Arabian Grand Prix,2022-03-27,17:00:00,2022-03-26,\N,1648339200.0,25426,830,9,1,4,1,1,1,1,max_verstappen,VER,Red Bull
264,1076,2022,3,1,Australian Grand Prix,2022-04-10,05:00:00,2022-04-09,\N,1649548800.0,25463,830,9,1,2,\N,R,18,95,max_verstappen,VER,Red Bull
265,1077,2022,4,21,Emilia Romagna Grand Prix,2022-04-24,13:00:00,2022-04-22,2022-04-23,1650758400.0,25466,830,9,1,1,1,1,1,1,max_verstappen,VER,Red Bull
266,1078,2022,5,79,Miami Grand Prix,2022-05-08,19:30:00,2022-05-07,\N,1651968000.0,25486,830,9,1,3,1,1,1,1,max_verstappen,VER,Red Bull
267,1079,2022,6,4,Spanish Grand Prix,2022-05-22,13:00:00,2022-05-21,\N,1653177600.0,25506,830,9,1,2,1,1,1,1,max_verstappen,VER,Red Bull
268,1080,2022,7,6,Monaco Grand Prix,2022-05-29,13:00:00,2022-05-28,\N,1653782400.0,25528,830,9,1,4,3,3,3,1,max_verstappen,VER,Red Bull
269,1081,2022,8,73,Azerbaijan Grand Prix,2022-06-12,11:00:00,2022-06-11,\N,1654992000.0,25546,830,9,1,3,1,1,1,1,max_verstappen,VER,Red Bull
270,1082,2022,9,7,Canadian Grand Prix,2022-06-19,18:00:00,2022-06-18,\N,1655596800.0,25566,830,9,1,1,1,1,1,1,max_verstappen,VER,Red Bull
271,1083,2022,10,9,British Grand Prix,2022-07-03,14:00:00,2022-07-02,\N,1656806400.0,25592,830,9,1,2,7,7,7,1,max_verstappen,VER,Red Bull
272,1084,2022,11,70,Austrian Grand Prix,2022-07-10,13:00:00,2022-07-08,2022-07-09,1657411200.0,25607,830,9,1,1,2,2,2,1,max_verstappen,VER,Red Bull
273,1085,2022,12,34,French Grand Prix,2022-07-24,13:00:00,2022-07-23,\N,1658620800.0,25626,830,9,1,2,1,1,1,1,max_verstappen,VER,Red Bull
274,1086,2022,13,11,Hungarian Grand Prix,2022-07-31,13:00:00,2022-07-30,\N,1659225600.0,25646,830,9,1,10,1,1,1,1,max_verstappen,VER,Red Bull
275,1062,2021,11,11,Hungarian Grand Prix,2021-08-01,13:00:00,2021-07-31,\N,1627776000.0,25182,815,9,11,4,\N,R,17,4,perez,PER,Red Bull
276,1063,2021,12,13,Belgian Grand Prix,2021-08-29,13:00:00,2021-08-28,\N,1630195200.0,25204,815,9,11,0,19,19,19,1,perez,PER,Red Bull
277,1064,2021,13,39,Dutch Grand Prix,2021-09-05,13:00:00,2021-09-04,\N,1630800000.0,25213,815,9,11,0,8,8,8,11,perez,PER,Red Bull
278,1065,2021,14,14,Italian Grand Prix,2021-09-12,13:00:00,2021-09-10,2021-09-11,1631404800.0,25230,815,9,11,8,5,5,5,1,perez,PER,Red Bull
279,1066,2021,15,71,Russian Grand Prix,2021-09-26,12:00:00,2021-09-25,\N,1632614400.0,25254,815,9,11,8,9,9,9,1,perez,PER,Red Bull
280,1067,2021,16,5,Turkish Grand Prix,2021-10-10,12:00:00,2021-10-09,\N,1633824000.0,25268,815,9,11,6,3,3,3,1,perez,PER,Red Bull
281,1069,2021,17,69,United States Grand Prix,2021-10-24,19:00:00,2021-10-23,\N,1635033600.0,25288,815,9,11,3,3,3,3,1,perez,PER,Red Bull
282,1070,2021,18,32,Mexico City Grand Prix,2021-11-07,19:00:00,2021-11-06,\N,1636243200.0,25308,815,9,11,4,3,3,3,1,perez,PER,Red Bull
283,1071,2021,19,18,São Paulo Grand Prix,2021-11-14,17:00:00,2021-11-12,2021-11-13,1636848000.0,25329,815,9,11,4,4,4,4,1,perez,PER,Red Bull
284,1051,2021,20,78,Qatar Grand Prix,2021-11-21,14:00:00,2021-11-20,\N,1637452800.0,25349,815,9,11,11,4,4,4,1,perez,PER,Red Bull
285,1072,2021,21,77,Saudi Arabian Grand Prix,2021-12-05,17:30:00,2021-12-04,\N,1638662400.0,25382,815,9,11,5,\N,R,17,4,perez,PER,Red Bull
286,1073,2021,22,24,Abu Dhabi Grand Prix,2021-12-12,13:00:00,2021-12-11,\N,1639267200.0,25400,815,9,11,4,15,15,15,5,perez,PER,Red Bull
287,1074,2022,1,3,Bahrain Grand Prix,2022-03-20,15:00:00,2022-03-19,\N,1647734400.0,25423,815,9,11,4,18,18,18,32,perez,PER,Red Bull
288,1075,2022,2,77,Saudi Arabian Grand Prix,2022-03-27,17:00:00,2022-03-26,\N,1648339200.0,25429,815,9,11,1,4,4,4,1,perez,PER,Red Bull
289,1076,2022,3,1,Australian Grand Prix,2022-04-10,05:00:00,2022-04-09,\N,1649548800.0,25447,815,9,11,3,2,2,2,1,perez,PER,Red Bull
290,1077,2022,4,21,Emilia Romagna Grand Prix,2022-04-24,13:00:00,2022-04-22,2022-04-23,1650758400.0,25467,815,9,11,3,2,2,2,1,perez,PER,Red Bull
291,1078,2022,5,79,Miami Grand Prix,2022-05-08,19:30:00,2022-05-07,\N,1651968000.0,25489,815,9,11,4,4,4,4,1,perez,PER,Red Bull
292,1079,2022,6,4,Spanish Grand Prix,2022-05-22,13:00:00,2022-05-21,\N,1653177600.0,25507,815,9,11,5,2,2,2,1,perez,PER,Red Bull
293,1080,2022,7,6,Monaco Grand Prix,2022-05-29,13:00:00,2022-05-28,\N,1653782400.0,25526,815,9,11,3,1,1,1,1,perez,PER,Red Bull
294,1081,2022,8,73,Azerbaijan Grand Prix,2022-06-12,11:00:00,2022-06-11,\N,1654992000.0,25547,815,9,11,2,2,2,2,1,perez,PER,Red Bull
295,1082,2022,9,7,Canadian Grand Prix,2022-06-19,18:00:00,2022-06-18,\N,1655596800.0,25585,815,9,11,13,\N,R,20,6,perez,PER,Red Bull
296,1083,2022,10,9,British Grand Prix,2022-07-03,14:00:00,2022-07-02,\N,1656806400.0,25587,815,9,11,4,2,2,2,1,perez,PER,Red Bull
297,1084,2022,11,70,Austrian Grand Prix,2022-07-10,13:00:00,2022-07-08,2022-07-09,1657411200.0,25625,815,9,11,5,\N,R,20,130,perez,PER,Red Bull
298,1085,2022,12,34,French Grand Prix,2022-07-24,13:00:00,2022-07-23,\N,1658620800.0,25629,815,9,11,3,4,4,4,1,perez,PER,Red Bull
299,1086,2022,13,11,Hungarian Grand Prix,2022-07-31,13:00:00,2022-07-30,\N,1659225600.0,25650,815,9,11,11,5,5,5,1,perez,PER,Red Bull
300,1062,2021,11,11,Hungarian Grand Prix,2021-08-01,13:00:00,2021-07-31,\N,1627776000.0,25175,8,51,7,13,10,10,10,11,raikkonen,RAI,Alfa Romeo
301,1063,2021,12,13,Belgian Grand Prix,2021-08-29,13:00:00,2021-08-28,\N,1630195200.0,25203,8,51,7,0,18,18,18,1,raikkonen,RAI,Alfa Romeo
302,1066,2021,15,71,Russian Grand Prix,2021-09-26,12:00:00,2021-09-25,\N,1632614400.0,25253,8,51,7,13,8,8,8,1,raikkonen,RAI,Alfa Romeo
303,1067,2021,16,5,Turkish Grand Prix,2021-10-10,12:00:00,2021-10-09,\N,1633824000.0,25277,8,51,7,17,12,12,12,11,raikkonen,RAI,Alfa Romeo
304,1069,2021,17,69,United States Grand Prix,2021-10-24,19:00:00,2021-10-23,\N,1635033600.0,25298,8,51,7,15,13,13,13,11,raikkonen,RAI,Alfa Romeo
305,1070,2021,18,32,Mexico City Grand Prix,2021-11-07,19:00:00,2021-11-06,\N,1636243200.0,25313,8,51,7,10,8,8,8,11,raikkonen,RAI,Alfa Romeo
306,1071,2021,19,18,São Paulo Grand Prix,2021-11-14,17:00:00,2021-11-12,2021-11-13,1636848000.0,25337,8,51,7,0,12,12,12,11,raikkonen,RAI,Alfa Romeo
307,1051,2021,20,78,Qatar Grand Prix,2021-11-21,14:00:00,2021-11-20,\N,1637452800.0,25359,8,51,7,16,14,14,14,11,raikkonen,RAI,Alfa Romeo
308,1072,2021,21,77,Saudi Arabian Grand Prix,2021-12-05,17:30:00,2021-12-04,\N,1638662400.0,25380,8,51,7,12,15,15,15,11,raikkonen,RAI,Alfa Romeo
309,1073,2021,22,24,Abu Dhabi Grand Prix,2021-12-12,13:00:00,2021-12-11,\N,1639267200.0,25404,8,51,7,18,\N,R,19,23,raikkonen,RAI,Alfa Romeo
310,1062,2021,11,11,Hungarian Grand Prix,2021-08-01,13:00:00,2021-07-31,\N,1627776000.0,25178,841,51,99,0,13,13,13,11,giovinazzi,GIO,Alfa Romeo
311,1063,2021,12,13,Belgian Grand Prix,2021-08-29,13:00:00,2021-08-28,\N,1630195200.0,25198,841,51,99,14,13,13,13,1,giovinazzi,GIO,Alfa Romeo
312,1064,2021,13,39,Dutch Grand Prix,2021-09-05,13:00:00,2021-09-04,\N,1630800000.0,25219,841,51,99,7,14,14,14,12,giovinazzi,GIO,Alfa Romeo
313,1065,2021,14,14,Italian Grand Prix,2021-09-12,13:00:00,2021-09-10,2021-09-11,1631404800.0,25238,841,51,99,7,13,13,13,1,giovinazzi,GIO,Alfa Romeo
314,1066,2021,15,71,Russian Grand Prix,2021-09-26,12:00:00,2021-09-25,\N,1632614400.0,25261,841,51,99,17,16,16,16,11,giovinazzi,GIO,Alfa Romeo
315,1067,2021,16,5,Turkish Grand Prix,2021-10-10,12:00:00,2021-10-09,\N,1633824000.0,25276,841,51,99,16,11,11,11,11,giovinazzi,GIO,Alfa Romeo
316,1069,2021,17,69,United States Grand Prix,2021-10-24,19:00:00,2021-10-23,\N,1635033600.0,25296,841,51,99,12,11,11,11,11,giovinazzi,GIO,Alfa Romeo
317,1070,2021,18,32,Mexico City Grand Prix,2021-11-07,19:00:00,2021-11-06,\N,1636243200.0,25316,841,51,99,11,11,11,11,11,giovinazzi,GIO,Alfa Romeo
318,1071,2021,19,18,São Paulo Grand Prix,2021-11-14,17:00:00,2021-11-12,2021-11-13,1636848000.0,25339,841,51,99,13,14,14,14,11,giovinazzi,GIO,Alfa Romeo
319,1051,2021,20,78,Qatar Grand Prix,2021-11-21,14:00:00,2021-11-20,\N,1637452800.0,25360,841,51,99,18,15,15,15,11,giovinazzi,GIO,Alfa Romeo
320,1072,2021,21,77,Saudi Arabian Grand Prix,2021-12-05,17:30:00,2021-12-04,\N,1638662400.0,25374,841,51,99,10,9,9,9,1,giovinazzi,GIO,Alfa Romeo
321,1073,2021,22,24,Abu Dhabi Grand Prix,2021-12-12,13:00:00,2021-12-11,\N,1639267200.0,25402,841,51,99,14,\N,R,17,6,giovinazzi,GIO,Alfa Romeo
322,1074,2022,1,3,Bahrain Grand Prix,2022-03-20,15:00:00,2022-03-19,\N,1647734400.0,25411,822,51,77,6,6,6,6,1,bottas,BOT,Alfa Romeo
323,1075,2022,2,77,Saudi Arabian Grand Prix,2022-03-27,17:00:00,2022-03-26,\N,1648339200.0,25440,822,51,77,8,\N,R,15,141,bottas,BOT,Alfa Romeo
324,1076,2022,3,1,Australian Grand Prix,2022-04-10,05:00:00,2022-04-09,\N,1649548800.0,25453,822,51,77,12,8,8,8,1,bottas,BOT,Alfa Romeo
325,1077,2022,4,21,Emilia Romagna Grand Prix,2022-04-24,13:00:00,2022-04-22,2022-04-23,1650758400.0,25470,822,51,77,7,5,5,5,1,bottas,BOT,Alfa Romeo
326,1078,2022,5,79,Miami Grand Prix,2022-05-08,19:30:00,2022-05-07,\N,1651968000.0,25492,822,51,77,5,7,7,7,1,bottas,BOT,Alfa Romeo
327,1079,2022,6,4,Spanish Grand Prix,2022-05-22,13:00:00,2022-05-21,\N,1653177600.0,25511,822,51,77,7,6,6,6,1,bottas,BOT,Alfa Romeo
328,1080,2022,7,6,Monaco Grand Prix,2022-05-29,13:00:00,2022-05-28,\N,1653782400.0,25534,822,51,77,12,9,9,9,1,bottas,BOT,Alfa Romeo
329,1081,2022,8,73,Azerbaijan Grand Prix,2022-06-12,11:00:00,2022-06-11,\N,1654992000.0,25556,822,51,77,15,11,11,11,11,bottas,BOT,Alfa Romeo
330,1082,2022,9,7,Canadian Grand Prix,2022-06-19,18:00:00,2022-06-18,\N,1655596800.0,25572,822,51,77,11,7,7,7,1,bottas,BOT,Alfa Romeo
331,1083,2022,10,9,British Grand Prix,2022-07-03,14:00:00,2022-07-02,\N,1656806400.0,25602,822,51,77,12,\N,R,17,6,bottas,BOT,Alfa Romeo
332,1084,2022,11,70,Austrian Grand Prix,2022-07-10,13:00:00,2022-07-08,2022-07-09,1657411200.0,25616,822,51,77,0,11,11,11,11,bottas,BOT,Alfa Romeo
333,1085,2022,12,34,French Grand Prix,2022-07-24,13:00:00,2022-07-23,\N,1658620800.0,25639,822,51,77,11,14,14,14,1,bottas,BOT,Alfa Romeo
334,1086,2022,13,11,Hungarian Grand Prix,2022-07-31,13:00:00,2022-07-30,\N,1659225600.0,25665,822,51,77,8,20,20,20,131,bottas,BOT,Alfa Romeo
335,1064,2021,13,39,Dutch Grand Prix,2021-09-05,13:00:00,2021-09-04,\N,1630800000.0,25220,9,51,88,16,15,15,15,12,kubica,KUB,Alfa Romeo
336,1065,2021,14,14,Italian Grand Prix,2021-09-12,13:00:00,2021-09-10,2021-09-11,1631404800.0,25239,9,51,88,17,14,14,14,1,kubica,KUB,Alfa Romeo
337,1074,2022,1,3,Bahrain Grand Prix,2022-03-20,15:00:00,2022-03-19,\N,1647734400.0,25415,855,51,24,15,10,10,10,1,zhou,ZHO,Alfa Romeo
338,1075,2022,2,77,Saudi Arabian Grand Prix,2022-03-27,17:00:00,2022-03-26,\N,1648339200.0,25436,855,51,24,12,11,11,11,1,zhou,ZHO,Alfa Romeo
339,1076,2022,3,1,Australian Grand Prix,2022-04-10,05:00:00,2022-04-09,\N,1649548800.0,25456,855,51,24,14,11,11,11,1,zhou,ZHO,Alfa Romeo
340,1077,2022,4,21,Emilia Romagna Grand Prix,2022-04-24,13:00:00,2022-04-22,2022-04-23,1650758400.0,25480,855,51,24,0,15,15,15,11,zhou,ZHO,Alfa Romeo
341,1078,2022,5,79,Miami Grand Prix,2022-05-08,19:30:00,2022-05-07,\N,1651968000.0,25505,855,51,24,17,\N,R,20,47,zhou,ZHO,Alfa Romeo
342,1079,2022,6,4,Spanish Grand Prix,2022-05-22,13:00:00,2022-05-21,\N,1653177600.0,25524,855,51,24,15,\N,R,19,75,zhou,ZHO,Alfa Romeo
343,1080,2022,7,6,Monaco Grand Prix,2022-05-29,13:00:00,2022-05-28,\N,1653782400.0,25541,855,51,24,20,16,16,16,11,zhou,ZHO,Alfa Romeo
344,1081,2022,8,73,Azerbaijan Grand Prix,2022-06-12,11:00:00,2022-06-11,\N,1654992000.0,25563,855,51,24,14,\N,R,18,9,zhou,ZHO,Alfa Romeo
345,1082,2022,9,7,Canadian Grand Prix,2022-06-19,18:00:00,2022-06-18,\N,1655596800.0,25573,855,51,24,10,8,8,8,1,zhou,ZHO,Alfa Romeo
346,1083,2022,10,9,British Grand Prix,2022-07-03,14:00:00,2022-07-02,\N,1656806400.0,25604,855,51,24,9,\N,R,19,4,zhou,ZHO,Alfa Romeo
347,1084,2022,11,70,Austrian Grand Prix,2022-07-10,13:00:00,2022-07-08,2022-07-09,1657411200.0,25619,855,51,24,13,14,14,14,11,zhou,ZHO,Alfa Romeo
348,1085,2022,12,34,French Grand Prix,2022-07-24,13:00:00,2022-07-23,\N,1658620800.0,25641,855,51,24,16,16,16,16,16,zhou,ZHO,Alfa Romeo
349,1086,2022,13,11,Hungarian Grand Prix,2022-07-31,13:00:00,2022-07-30,\N,1659225600.0,25658,855,51,24,12,13,13,13,11,zhou,ZHO,Alfa Romeo
350,1062,2021,11,11,Hungarian Grand Prix,2021-08-01,13:00:00,2021-07-31,\N,1627776000.0,25176,817,1,3,11,11,11,11,11,ricciardo,RIC,McLaren
351,1063,2021,12,13,Belgian Grand Prix,2021-08-29,13:00:00,2021-08-28,\N,1630195200.0,25189,817,1,3,4,4,4,4,1,ricciardo,RIC,McLaren
352,1064,2021,13,39,Dutch Grand Prix,2021-09-05,13:00:00,2021-09-04,\N,1630800000.0,25216,817,1,3,10,11,11,11,11,ricciardo,RIC,McLaren
353,1065,2021,14,14,Italian Grand Prix,2021-09-12,13:00:00,2021-09-10,2021-09-11,1631404800.0,25226,817,1,3,2,1,1,1,1,ricciardo,RIC,McLaren
354,1066,2021,15,71,Russian Grand Prix,2021-09-26,12:00:00,2021-09-25,\N,1632614400.0,25249,817,1,3,5,4,4,4,1,ricciardo,RIC,McLaren
355,1067,2021,16,5,Turkish Grand Prix,2021-10-10,12:00:00,2021-10-09,\N,1633824000.0,25278,817,1,3,20,13,13,13,11,ricciardo,RIC,McLaren
356,1069,2021,17,69,United States Grand Prix,2021-10-24,19:00:00,2021-10-23,\N,1635033600.0,25290,817,1,3,6,5,5,5,1,ricciardo,RIC,McLaren
357,1070,2021,18,32,Mexico City Grand Prix,2021-11-07,19:00:00,2021-11-06,\N,1636243200.0,25317,817,1,3,7,12,12,12,11,ricciardo,RIC,McLaren
358,1071,2021,19,18,São Paulo Grand Prix,2021-11-14,17:00:00,2021-11-12,2021-11-13,1636848000.0,25344,817,1,3,11,\N,R,19,75,ricciardo,RIC,McLaren
359,1051,2021,20,78,Qatar Grand Prix,2021-11-21,14:00:00,2021-11-20,\N,1637452800.0,25357,817,1,3,14,12,12,12,11,ricciardo,RIC,McLaren
360,1072,2021,21,77,Saudi Arabian Grand Prix,2021-12-05,17:30:00,2021-12-04,\N,1638662400.0,25370,817,1,3,11,5,5,5,1,ricciardo,RIC,McLaren
361,1073,2021,22,24,Abu Dhabi Grand Prix,2021-12-12,13:00:00,2021-12-11,\N,1639267200.0,25397,817,1,3,10,12,12,12,11,ricciardo,RIC,McLaren
362,1074,2022,1,3,Bahrain Grand Prix,2022-03-20,15:00:00,2022-03-19,\N,1647734400.0,25419,817,1,3,18,14,14,14,1,ricciardo,RIC,McLaren
363,1075,2022,2,77,Saudi Arabian Grand Prix,2022-03-27,17:00:00,2022-03-26,\N,1648339200.0,25442,817,1,3,14,\N,R,17,6,ricciardo,RIC,McLaren
364,1076,2022,3,1,Australian Grand Prix,2022-04-10,05:00:00,2022-04-09,\N,1649548800.0,25451,817,1,3,7,6,6,6,1,ricciardo,RIC,McLaren
365,1077,2022,4,21,Emilia Romagna Grand Prix,2022-04-24,13:00:00,2022-04-22,2022-04-23,1650758400.0,25483,817,1,3,6,18,18,18,11,ricciardo,RIC,McLaren
366,1078,2022,5,79,Miami Grand Prix,2022-05-08,19:30:00,2022-05-07,\N,1651968000.0,25498,817,1,3,14,13,13,13,1,ricciardo,RIC,McLaren
367,1079,2022,6,4,Spanish Grand Prix,2022-05-22,13:00:00,2022-05-21,\N,1653177600.0,25517,817,1,3,9,12,12,12,11,ricciardo,RIC,McLaren
368,1080,2022,7,6,Monaco Grand Prix,2022-05-29,13:00:00,2022-05-28,\N,1653782400.0,25538,817,1,3,14,13,13,13,1,ricciardo,RIC,McLaren
369,1081,2022,8,73,Azerbaijan Grand Prix,2022-06-12,11:00:00,2022-06-11,\N,1654992000.0,25553,817,1,3,12,8,8,8,1,ricciardo,RIC,McLaren
370,1082,2022,9,7,Canadian Grand Prix,2022-06-19,18:00:00,2022-06-18,\N,1655596800.0,25576,817,1,3,9,11,11,11,1,ricciardo,RIC,McLaren
371,1083,2022,10,9,British Grand Prix,2022-07-03,14:00:00,2022-07-02,\N,1656806400.0,25598,817,1,3,14,13,13,13,1,ricciardo,RIC,McLaren
372,1084,2022,11,70,Austrian Grand Prix,2022-07-10,13:00:00,2022-07-08,2022-07-09,1657411200.0,25614,817,1,3,11,9,9,9,11,ricciardo,RIC,McLaren
373,1085,2022,12,34,French Grand Prix,2022-07-24,13:00:00,2022-07-23,\N,1658620800.0,25634,817,1,3,9,9,9,9,1,ricciardo,RIC,McLaren
374,1086,2022,13,11,Hungarian Grand Prix,2022-07-31,13:00:00,2022-07-30,\N,1659225600.0,25660,817,1,3,9,15,15,15,11,ricciardo,RIC,McLaren
375,1062,2021,11,11,Hungarian Grand Prix,2021-08-01,13:00:00,2021-07-31,\N,1627776000.0,25180,846,1,4,6,\N,R,15,4,norris,NOR,McLaren
376,1063,2021,12,13,Belgian Grand Prix,2021-08-29,13:00:00,2021-08-28,\N,1630195200.0,25199,846,1,4,15,14,14,14,1,norris,NOR,McLaren
377,1064,2021,13,39,Dutch Grand Prix,2021-09-05,13:00:00,2021-09-04,\N,1630800000.0,25215,846,1,4,13,10,10,10,11,norris,NOR,McLaren
378,1065,2021,14,14,Italian Grand Prix,2021-09-12,13:00:00,2021-09-10,2021-09-11,1631404800.0,25227,846,1,4,3,2,2,2,1,norris,NOR,McLaren
379,1066,2021,15,71,Russian Grand Prix,2021-09-26,12:00:00,2021-09-25,\N,1632614400.0,25252,846,1,4,1,7,7,7,1,norris,NOR,McLaren
380,1067,2021,16,5,Turkish Grand Prix,2021-10-10,12:00:00,2021-10-09,\N,1633824000.0,25272,846,1,4,7,7,7,7,1,norris,NOR,McLaren
381,1069,2021,17,69,United States Grand Prix,2021-10-24,19:00:00,2021-10-23,\N,1635033600.0,25293,846,1,4,7,8,8,8,1,norris,NOR,McLaren
382,1070,2021,18,32,Mexico City Grand Prix,2021-11-07,19:00:00,2021-11-06,\N,1636243200.0,25315,846,1,4,18,10,10,10,11,norris,NOR,McLaren
383,1071,2021,19,18,São Paulo Grand Prix,2021-11-14,17:00:00,2021-11-12,2021-11-13,1636848000.0,25335,846,1,4,5,10,10,10,11,norris,NOR,McLaren
384,1051,2021,20,78,Qatar Grand Prix,2021-11-21,14:00:00,2021-11-20,\N,1637452800.0,25354,846,1,4,4,9,9,9,11,norris,NOR,McLaren
385,1072,2021,21,77,Saudi Arabian Grand Prix,2021-12-05,17:30:00,2021-12-04,\N,1638662400.0,25375,846,1,4,7,10,10,10,1,norris,NOR,McLaren
386,1073,2021,22,24,Abu Dhabi Grand Prix,2021-12-12,13:00:00,2021-12-11,\N,1639267200.0,25392,846,1,4,3,7,7,7,1,norris,NOR,McLaren
387,1074,2022,1,3,Bahrain Grand Prix,2022-03-20,15:00:00,2022-03-19,\N,1647734400.0,25420,846,1,4,13,15,15,15,1,norris,NOR,McLaren
388,1075,2022,2,77,Saudi Arabian Grand Prix,2022-03-27,17:00:00,2022-03-26,\N,1648339200.0,25432,846,1,4,11,7,7,7,1,norris,NOR,McLaren
389,1076,2022,3,1,Australian Grand Prix,2022-04-10,05:00:00,2022-04-09,\N,1649548800.0,25450,846,1,4,4,5,5,5,1,norris,NOR,McLaren
390,1077,2022,4,21,Emilia Romagna Grand Prix,2022-04-24,13:00:00,2022-04-22,2022-04-23,1650758400.0,25468,846,1,4,5,3,3,3,1,norris,NOR,McLaren
391,1078,2022,5,79,Miami Grand Prix,2022-05-08,19:30:00,2022-05-07,\N,1651968000.0,25504,846,1,4,8,\N,R,19,4,norris,NOR,McLaren
392,1079,2022,6,4,Spanish Grand Prix,2022-05-22,13:00:00,2022-05-21,\N,1653177600.0,25513,846,1,4,11,8,8,8,1,norris,NOR,McLaren
393,1080,2022,7,6,Monaco Grand Prix,2022-05-29,13:00:00,2022-05-28,\N,1653782400.0,25531,846,1,4,5,6,6,6,1,norris,NOR,McLaren
394,1081,2022,8,73,Azerbaijan Grand Prix,2022-06-12,11:00:00,2022-06-11,\N,1654992000.0,25554,846,1,4,11,9,9,9,1,norris,NOR,McLaren
395,1082,2022,9,7,Canadian Grand Prix,2022-06-19,18:00:00,2022-06-18,\N,1655596800.0,25580,846,1,4,14,15,15,15,1,norris,NOR,McLaren
396,1083,2022,10,9,British Grand Prix,2022-07-03,14:00:00,2022-07-02,\N,1656806400.0,25591,846,1,4,6,6,6,6,1,norris,NOR,McLaren
397,1084,2022,11,70,Austrian Grand Prix,2022-07-10,13:00:00,2022-07-08,2022-07-09,1657411200.0,25612,846,1,4,10,7,7,7,11,norris,NOR,McLaren
398,1085,2022,12,34,French Grand Prix,2022-07-24,13:00:00,2022-07-23,\N,1658620800.0,25632,846,1,4,5,7,7,7,1,norris,NOR,McLaren
399,1086,2022,13,11,Hungarian Grand Prix,2022-07-31,13:00:00,2022-07-30,\N,1659225600.0,25652,846,1,4,4,7,7,7,1,norris,NOR,McLaren
400,1062,2021,11,11,Hungarian Grand Prix,2021-08-01,13:00:00,2021-07-31,\N,1627776000.0,25177,854,210,47,20,12,12,12,11,mick_schumacher,MSC,Haas F1 Team
401,1063,2021,12,13,Belgian Grand Prix,2021-08-29,13:00:00,2021-08-28,\N,1630195200.0,25201,854,210,47,17,16,16,16,1,mick_schumacher,MSC,Haas F1 Team
402,1064,2021,13,39,Dutch Grand Prix,2021-09-05,13:00:00,2021-09-04,\N,1630800000.0,25223,854,210,47,17,18,18,18,13,mick_schumacher,MSC,Haas F1 Team
403,1065,2021,14,14,Italian Grand Prix,2021-09-12,13:00:00,2021-09-10,2021-09-11,1631404800.0,25240,854,210,47,18,15,15,15,1,mick_schumacher,MSC,Haas F1 Team
404,1066,2021,15,71,Russian Grand Prix,2021-09-26,12:00:00,2021-09-25,\N,1632614400.0,25265,854,210,47,14,\N,R,20,44,mick_schumacher,MSC,Haas F1 Team
405,1067,2021,16,5,Turkish Grand Prix,2021-10-10,12:00:00,2021-10-09,\N,1633824000.0,25284,854,210,47,14,19,19,19,12,mick_schumacher,MSC,Haas F1 Team
406,1069,2021,17,69,United States Grand Prix,2021-10-24,19:00:00,2021-10-23,\N,1635033600.0,25301,854,210,47,16,16,16,16,12,mick_schumacher,MSC,Haas F1 Team
407,1070,2021,18,32,Mexico City Grand Prix,2021-11-07,19:00:00,2021-11-06,\N,1636243200.0,25324,854,210,47,14,\N,R,19,4,mick_schumacher,MSC,Haas F1 Team
408,1071,2021,19,18,São Paulo Grand Prix,2021-11-14,17:00:00,2021-11-12,2021-11-13,1636848000.0,25343,854,210,47,18,18,18,18,12,mick_schumacher,MSC,Haas F1 Team
409,1051,2021,20,78,Qatar Grand Prix,2021-11-21,14:00:00,2021-11-20,\N,1637452800.0,25361,854,210,47,19,16,16,16,11,mick_schumacher,MSC,Haas F1 Team
410,1072,2021,21,77,Saudi Arabian Grand Prix,2021-12-05,17:30:00,2021-12-04,\N,1638662400.0,25385,854,210,47,19,\N,R,20,3,mick_schumacher,MSC,Haas F1 Team
411,1073,2021,22,24,Abu Dhabi Grand Prix,2021-12-12,13:00:00,2021-12-11,\N,1639267200.0,25399,854,210,47,19,14,14,14,11,mick_schumacher,MSC,Haas F1 Team
412,1074,2022,1,3,Bahrain Grand Prix,2022-03-20,15:00:00,2022-03-19,\N,1647734400.0,25416,854,210,47,12,11,11,11,1,mick_schumacher,MSC,Haas F1 Team
413,1075,2022,2,77,Saudi Arabian Grand Prix,2022-03-27,17:00:00,2022-03-26,\N,1648339200.0,25445,854,210,47,0,\N,W,20,54,mick_schumacher,MSC,Haas F1 Team
414,1076,2022,3,1,Australian Grand Prix,2022-04-10,05:00:00,2022-04-09,\N,1649548800.0,25458,854,210,47,15,13,13,13,11,mick_schumacher,MSC,Haas F1 Team
415,1077,2022,4,21,Emilia Romagna Grand Prix,2022-04-24,13:00:00,2022-04-22,2022-04-23,1650758400.0,25482,854,210,47,10,17,17,17,11,mick_schumacher,MSC,Haas F1 Team
416,1078,2022,5,79,Miami Grand Prix,2022-05-08,19:30:00,2022-05-07,\N,1651968000.0,25500,854,210,47,15,15,15,15,1,mick_schumacher,MSC,Haas F1 Team
417,1079,2022,6,4,Spanish Grand Prix,2022-05-22,13:00:00,2022-05-21,\N,1653177600.0,25519,854,210,47,10,14,14,14,11,mick_schumacher,MSC,Haas F1 Team
418,1080,2022,7,6,Monaco Grand Prix,2022-05-29,13:00:00,2022-05-28,\N,1653782400.0,25544,854,210,47,15,\N,R,19,3,mick_schumacher,MSC,Haas F1 Team
419,1081,2022,8,73,Azerbaijan Grand Prix,2022-06-12,11:00:00,2022-06-11,\N,1654992000.0,25559,854,210,47,20,14,14,14,11,mick_schumacher,MSC,Haas F1 Team
420,1082,2022,9,7,Canadian Grand Prix,2022-06-19,18:00:00,2022-06-18,\N,1655596800.0,25584,854,210,47,6,\N,R,19,5,mick_schumacher,MSC,Haas F1 Team
421,1083,2022,10,9,British Grand Prix,2022-07-03,14:00:00,2022-07-02,\N,1656806400.0,25593,854,210,47,19,8,8,8,1,mick_schumacher,MSC,Haas F1 Team
422,1084,2022,11,70,Austrian Grand Prix,2022-07-10,13:00:00,2022-07-08,2022-07-09,1657411200.0,25611,854,210,47,9,6,6,6,11,mick_schumacher,MSC,Haas F1 Team
423,1085,2022,12,34,French Grand Prix,2022-07-24,13:00:00,2022-07-23,\N,1658620800.0,25640,854,210,47,17,15,15,15,1,mick_schumacher,MSC,Haas F1 Team
424,1086,2022,13,11,Hungarian Grand Prix,2022-07-31,13:00:00,2022-07-30,\N,1659225600.0,25659,854,210,47,15,14,14,14,11,mick_schumacher,MSC,Haas F1 Team
425,1062,2021,11,11,Hungarian Grand Prix,2021-08-01,13:00:00,2021-07-31,\N,1627776000.0,25179,853,210,9,19,\N,R,14,4,mazepin,MAZ,Haas F1 Team
426,1063,2021,12,13,Belgian Grand Prix,2021-08-29,13:00:00,2021-08-28,\N,1630195200.0,25202,853,210,9,18,17,17,17,1,mazepin,MAZ,Haas F1 Team
427,1064,2021,13,39,Dutch Grand Prix,2021-09-05,13:00:00,2021-09-04,\N,1630800000.0,25225,853,210,9,18,\N,R,20,9,mazepin,MAZ,Haas F1 Team
428,1065,2021,14,14,Italian Grand Prix,2021-09-12,13:00:00,2021-09-10,2021-09-11,1631404800.0,25241,853,210,9,16,\N,R,16,131,mazepin,MAZ,Haas F1 Team
429,1066,2021,15,71,Russian Grand Prix,2021-09-26,12:00:00,2021-09-25,\N,1632614400.0,25263,853,210,9,15,18,18,18,12,mazepin,MAZ,Haas F1 Team
430,1067,2021,16,5,Turkish Grand Prix,2021-10-10,12:00:00,2021-10-09,\N,1633824000.0,25285,853,210,9,18,20,20,20,12,mazepin,MAZ,Haas F1 Team
431,1069,2021,17,69,United States Grand Prix,2021-10-24,19:00:00,2021-10-23,\N,1635033600.0,25302,853,210,9,17,17,17,17,12,mazepin,MAZ,Haas F1 Team
432,1070,2021,18,32,Mexico City Grand Prix,2021-11-07,19:00:00,2021-11-06,\N,1636243200.0,25323,853,210,9,15,18,18,18,13,mazepin,MAZ,Haas F1 Team
433,1071,2021,19,18,São Paulo Grand Prix,2021-11-14,17:00:00,2021-11-12,2021-11-13,1636848000.0,25342,853,210,9,19,17,17,17,12,mazepin,MAZ,Haas F1 Team
434,1051,2021,20,78,Qatar Grand Prix,2021-11-21,14:00:00,2021-11-20,\N,1637452800.0,25363,853,210,9,20,18,18,18,12,mazepin,MAZ,Haas F1 Team
435,1072,2021,21,77,Saudi Arabian Grand Prix,2021-12-05,17:30:00,2021-12-04,\N,1638662400.0,25383,853,210,9,20,\N,R,18,4,mazepin,MAZ,Haas F1 Team
436,1073,2021,22,24,Abu Dhabi Grand Prix,2021-12-12,13:00:00,2021-12-11,\N,1639267200.0,25405,853,210,9,20,\N,W,20,139,mazepin,MAZ,Haas F1 Team
437,1074,2022,1,3,Bahrain Grand Prix,2022-03-20,15:00:00,2022-03-19,\N,1647734400.0,25410,825,210,20,7,5,5,5,1,kevin_magnussen,MAG,Haas F1 Team
438,1075,2022,2,77,Saudi Arabian Grand Prix,2022-03-27,17:00:00,2022-03-26,\N,1648339200.0,25434,825,210,20,10,9,9,9,1,kevin_magnussen,MAG,Haas F1 Team
439,1076,2022,3,1,Australian Grand Prix,2022-04-10,05:00:00,2022-04-09,\N,1649548800.0,25459,825,210,20,16,14,14,14,11,kevin_magnussen,MAG,Haas F1 Team
440,1077,2022,4,21,Emilia Romagna Grand Prix,2022-04-24,13:00:00,2022-04-22,2022-04-23,1650758400.0,25474,825,210,20,8,9,9,9,1,kevin_magnussen,MAG,Haas F1 Team
441,1078,2022,5,79,Miami Grand Prix,2022-05-08,19:30:00,2022-05-07,\N,1651968000.0,25501,825,210,20,16,16,16,16,33,kevin_magnussen,MAG,Haas F1 Team
442,1079,2022,6,4,Spanish Grand Prix,2022-05-22,13:00:00,2022-05-21,\N,1653177600.0,25522,825,210,20,8,17,17,17,12,kevin_magnussen,MAG,Haas F1 Team
443,1080,2022,7,6,Monaco Grand Prix,2022-05-29,13:00:00,2022-05-28,\N,1653782400.0,25545,825,210,20,13,\N,R,20,34,kevin_magnussen,MAG,Haas F1 Team
444,1081,2022,8,73,Azerbaijan Grand Prix,2022-06-12,11:00:00,2022-06-11,\N,1654992000.0,25562,825,210,20,16,\N,R,17,131,kevin_magnussen,MAG,Haas F1 Team
445,1082,2022,9,7,Canadian Grand Prix,2022-06-19,18:00:00,2022-06-18,\N,1655596800.0,25582,825,210,20,5,17,17,17,1,kevin_magnussen,MAG,Haas F1 Team
446,1083,2022,10,9,British Grand Prix,2022-07-03,14:00:00,2022-07-02,\N,1656806400.0,25595,825,210,20,17,10,10,10,1,kevin_magnussen,MAG,Haas F1 Team
447,1084,2022,11,70,Austrian Grand Prix,2022-07-10,13:00:00,2022-07-08,2022-07-09,1657411200.0,25613,825,210,20,7,8,8,8,11,kevin_magnussen,MAG,Haas F1 Team
448,1085,2022,12,34,French Grand Prix,2022-07-24,13:00:00,2022-07-23,\N,1658620800.0,25643,825,210,20,20,\N,R,18,130,kevin_magnussen,MAG,Haas F1 Team
449,1086,2022,13,11,Hungarian Grand Prix,2022-07-31,13:00:00,2022-07-30,\N,1659225600.0,25661,825,210,20,13,16,16,16,11,kevin_magnussen,MAG,Haas F1 Team
450,1062,2021,11,11,Hungarian Grand Prix,2021-08-01,13:00:00,2021-07-31,\N,1627776000.0,25184,840,117,18,12,\N,R,19,4,stroll,STR,Aston Martin
451,1063,2021,12,13,Belgian Grand Prix,2021-08-29,13:00:00,2021-08-28,\N,1630195200.0,25205,840,117,18,19,20,20,20,1,stroll,STR,Aston Martin
452,1064,2021,13,39,Dutch Grand Prix,2021-09-05,13:00:00,2021-09-04,\N,1630800000.0,25217,840,117,18,12,12,12,12,12,stroll,STR,Aston Martin
453,1065,2021,14,14,Italian Grand Prix,2021-09-12,13:00:00,2021-09-10,2021-09-11,1631404800.0,25232,840,117,18,9,7,7,7,1,stroll,STR,Aston Martin
454,1066,2021,15,71,Russian Grand Prix,2021-09-26,12:00:00,2021-09-25,\N,1632614400.0,25256,840,117,18,7,11,11,11,1,stroll,STR,Aston Martin
455,1067,2021,16,5,Turkish Grand Prix,2021-10-10,12:00:00,2021-10-09,\N,1633824000.0,25274,840,117,18,8,9,9,9,1,stroll,STR,Aston Martin
456,1069,2021,17,69,United States Grand Prix,2021-10-24,19:00:00,2021-10-23,\N,1635033600.0,25297,840,117,18,13,12,12,12,11,stroll,STR,Aston Martin
457,1070,2021,18,32,Mexico City Grand Prix,2021-11-07,19:00:00,2021-11-06,\N,1636243200.0,25319,840,117,18,20,14,14,14,12,stroll,STR,Aston Martin
458,1071,2021,19,18,São Paulo Grand Prix,2021-11-14,17:00:00,2021-11-12,2021-11-13,1636848000.0,25345,840,117,18,14,\N,R,20,130,stroll,STR,Aston Martin
459,1051,2021,20,78,Qatar Grand Prix,2021-11-21,14:00:00,2021-11-20,\N,1637452800.0,25351,840,117,18,12,6,6,6,1,stroll,STR,Aston Martin
460,1072,2021,21,77,Saudi Arabian Grand Prix,2021-12-05,17:30:00,2021-12-04,\N,1638662400.0,25376,840,117,18,18,11,11,11,1,stroll,STR,Aston Martin
461,1073,2021,22,24,Abu Dhabi Grand Prix,2021-12-12,13:00:00,2021-12-11,\N,1639267200.0,25398,840,117,18,13,13,13,13,11,stroll,STR,Aston Martin
462,1074,2022,1,3,Bahrain Grand Prix,2022-03-20,15:00:00,2022-03-19,\N,1647734400.0,25417,840,117,18,19,12,12,12,1,stroll,STR,Aston Martin
463,1075,2022,2,77,Saudi Arabian Grand Prix,2022-03-27,17:00:00,2022-03-26,\N,1648339200.0,25438,840,117,18,13,13,13,13,11,stroll,STR,Aston Martin
464,1076,2022,3,1,Australian Grand Prix,2022-04-10,05:00:00,2022-04-09,\N,1649548800.0,25457,840,117,18,19,12,12,12,1,stroll,STR,Aston Martin
465,1077,2022,4,21,Emilia Romagna Grand Prix,2022-04-24,13:00:00,2022-04-22,2022-04-23,1650758400.0,25475,840,117,18,15,10,10,10,11,stroll,STR,Aston Martin
466,1078,2022,5,79,Miami Grand Prix,2022-05-08,19:30:00,2022-05-07,\N,1651968000.0,25495,840,117,18,0,10,10,10,1,stroll,STR,Aston Martin
467,1079,2022,6,4,Spanish Grand Prix,2022-05-22,13:00:00,2022-05-21,\N,1653177600.0,25520,840,117,18,17,15,15,15,11,stroll,STR,Aston Martin
468,1080,2022,7,6,Monaco Grand Prix,2022-05-29,13:00:00,2022-05-28,\N,1653782400.0,25539,840,117,18,18,14,14,14,1,stroll,STR,Aston Martin
469,1081,2022,8,73,Azerbaijan Grand Prix,2022-06-12,11:00:00,2022-06-11,\N,1654992000.0,25561,840,117,18,19,16,16,16,76,stroll,STR,Aston Martin
470,1082,2022,9,7,Canadian Grand Prix,2022-06-19,18:00:00,2022-06-18,\N,1655596800.0,25575,840,117,18,17,10,10,10,1,stroll,STR,Aston Martin
471,1083,2022,10,9,British Grand Prix,2022-07-03,14:00:00,2022-07-02,\N,1656806400.0,25596,840,117,18,20,11,11,11,1,stroll,STR,Aston Martin
472,1084,2022,11,70,Austrian Grand Prix,2022-07-10,13:00:00,2022-07-08,2022-07-09,1657411200.0,25618,840,117,18,12,13,13,13,11,stroll,STR,Aston Martin
473,1085,2022,12,34,French Grand Prix,2022-07-24,13:00:00,2022-07-23,\N,1658620800.0,25635,840,117,18,15,10,10,10,1,stroll,STR,Aston Martin
474,1086,2022,13,11,Hungarian Grand Prix,2022-07-31,13:00:00,2022-07-30,\N,1659225600.0,25656,840,117,18,14,11,11,11,11,stroll,STR,Aston Martin
475,1062,2021,11,11,Hungarian Grand Prix,2021-08-01,13:00:00,2021-07-31,\N,1627776000.0,25185,20,117,5,10,\N,D,20,2,vettel,VET,Aston Martin
476,1063,2021,12,13,Belgian Grand Prix,2021-08-29,13:00:00,2021-08-28,\N,1630195200.0,25190,20,117,5,5,5,5,5,1,vettel,VET,Aston Martin
477,1064,2021,13,39,Dutch Grand Prix,2021-09-05,13:00:00,2021-09-04,\N,1630800000.0,25218,20,117,5,15,13,13,13,12,vettel,VET,Aston Martin
478,1065,2021,14,14,Italian Grand Prix,2021-09-12,13:00:00,2021-09-10,2021-09-11,1631404800.0,25237,20,117,5,11,12,12,12,1,vettel,VET,Aston Martin
479,1066,2021,15,71,Russian Grand Prix,2021-09-26,12:00:00,2021-09-25,\N,1632614400.0,25257,20,117,5,10,12,12,12,11,vettel,VET,Aston Martin
480,1067,2021,16,5,Turkish Grand Prix,2021-10-10,12:00:00,2021-10-09,\N,1633824000.0,25283,20,117,5,10,18,18,18,11,vettel,VET,Aston Martin
481,1069,2021,17,69,United States Grand Prix,2021-10-24,19:00:00,2021-10-23,\N,1635033600.0,25295,20,117,5,18,10,10,10,11,vettel,VET,Aston Martin
482,1070,2021,18,32,Mexico City Grand Prix,2021-11-07,19:00:00,2021-11-06,\N,1636243200.0,25312,20,117,5,9,7,7,7,11,vettel,VET,Aston Martin
483,1071,2021,19,18,São Paulo Grand Prix,2021-11-14,17:00:00,2021-11-12,2021-11-13,1636848000.0,25336,20,117,5,9,11,11,11,11,vettel,VET,Aston Martin
484,1051,2021,20,78,Qatar Grand Prix,2021-11-21,14:00:00,2021-11-20,\N,1637452800.0,25355,20,117,5,10,10,10,10,11,vettel,VET,Aston Martin
485,1072,2021,21,77,Saudi Arabian Grand Prix,2021-12-05,17:30:00,2021-12-04,\N,1638662400.0,25381,20,117,5,17,\N,R,16,130,vettel,VET,Aston Martin
486,1073,2021,22,24,Abu Dhabi Grand Prix,2021-12-12,13:00:00,2021-12-11,\N,1639267200.0,25396,20,117,5,15,11,11,11,1,vettel,VET,Aston Martin
487,1076,2022,3,1,Australian Grand Prix,2022-04-10,05:00:00,2022-04-09,\N,1649548800.0,25464,20,117,5,17,\N,R,19,3,vettel,VET,Aston Martin
488,1077,2022,4,21,Emilia Romagna Grand Prix,2022-04-24,13:00:00,2022-04-22,2022-04-23,1650758400.0,25473,20,117,5,13,8,8,8,1,vettel,VET,Aston Martin
489,1078,2022,5,79,Miami Grand Prix,2022-05-08,19:30:00,2022-05-07,\N,1651968000.0,25502,20,117,5,0,17,17,17,4,vettel,VET,Aston Martin
490,1079,2022,6,4,Spanish Grand Prix,2022-05-22,13:00:00,2022-05-21,\N,1653177600.0,25516,20,117,5,16,11,11,11,11,vettel,VET,Aston Martin
491,1080,2022,7,6,Monaco Grand Prix,2022-05-29,13:00:00,2022-05-28,\N,1653782400.0,25535,20,117,5,9,10,10,10,1,vettel,VET,Aston Martin
492,1081,2022,8,73,Azerbaijan Grand Prix,2022-06-12,11:00:00,2022-06-11,\N,1654992000.0,25551,20,117,5,9,6,6,6,1,vettel,VET,Aston Martin
493,1082,2022,9,7,Canadian Grand Prix,2022-06-19,18:00:00,2022-06-18,\N,1655596800.0,25577,20,117,5,16,12,12,12,1,vettel,VET,Aston Martin
494,1083,2022,10,9,British Grand Prix,2022-07-03,14:00:00,2022-07-02,\N,1656806400.0,25594,20,117,5,18,9,9,9,1,vettel,VET,Aston Martin
495,1084,2022,11,70,Austrian Grand Prix,2022-07-10,13:00:00,2022-07-08,2022-07-09,1657411200.0,25622,20,117,5,18,17,17,17,11,vettel,VET,Aston Martin
496,1085,2022,12,34,French Grand Prix,2022-07-24,13:00:00,2022-07-23,\N,1658620800.0,25636,20,117,5,12,11,11,11,1,vettel,VET,Aston Martin
497,1086,2022,13,11,Hungarian Grand Prix,2022-07-31,13:00:00,2022-07-30,\N,1659225600.0,25655,20,117,5,18,10,10,10,11,vettel,VET,Aston Martin
498,1074,2022,1,3,Bahrain Grand Prix,2022-03-20,15:00:00,2022-03-19,\N,1647734400.0,25422,807,117,27,17,17,17,17,1,hulkenberg,HUL,Aston Martin
499,1075,2022,2,77,Saudi Arabian Grand Prix,2022-03-27,17:00:00,2022-03-26,\N,1648339200.0,25437,807,117,27,17,12,12,12,1,hulkenberg,HUL,Aston Martin
